image_id,image_path,fashionpedia_image_id,original_filename,width,height,split
img_0000,data\raw\img_0000.jpg,19817,28772cc5485a105f5bf8bfafedfc66b6.jpg,683,1024,validation
img_0001,data\raw\img_0001.jpg,20328,1ca6fb4b937bb1f34797d3315266a546.jpg,1024,682,validation
img_0002,data\raw\img_0002.jpg,16820,5b119f366a58e6706b6c721fb0c52d9d.jpg,682,1024,validation
img_0003,data\raw\img_0003.jpg,17769,1918cddd5d05e007637c1b635eb683f5.jpg,678,1024,validation
img_0004,data\raw\img_0004.jpg,18949,9f2b43ca80f1efb145dc87cb63efbb85.jpg,678,1024,validation
img_0005,data\raw\img_0005.jpg,15823,053888747fe4d05e64411e7454b10881.jpg,1024,682,validation
img_0006,data\raw\img_0006.jpg,15069,d67ad10df9224b51361c9dfb18f5a9ef.jpg,632,1024,validation
img_0007,data\raw\img_0007.jpg,9507,c4e7ac9027ce6e052eb110b1281a8638.jpg,441,1024,validation
img_0008,data\raw\img_0008.jpg,11372,ff62c585aa0fd3f69a17717015e80fb6.jpg,680,1024,validation
img_0009,data\raw\img_0009.jpg,9914,46c1433283e5cfba916f741bc681b99b.jpg,683,1024,validation
img_0010,data\raw\img_0010.jpg,12524,db26dd4ab74b3f12041cc72ff6acb60d.jpg,682,1024,validation
img_0011,data\raw\img_0011.jpg,20542,fb24ea2a89e0ec6dc4b093ccbb2fc743.jpg,681,1024,validation
img_0012,data\raw\img_0012.jpg,9411,563c45745e1775a74e3a5b2513079b9d.jpg,609,1024,validation
img_0013,data\raw\img_0013.jpg,20250,cfe1c4de7beeb5eef7cdc05e8be73d57.jpg,682,1024,validation
img_0014,data\raw\img_0014.jpg,17329,bba3aec79e766cc1375de76bbe6493bb.jpg,1024,576,validation
img_0015,data\raw\img_0015.jpg,20180,c650f80f25497fb2b0f1231d1e487878.jpg,768,1024,validation
img_0016,data\raw\img_0016.jpg,15949,85aa83033214755fefff61b7615c7a48.jpg,681,1024,validation
img_0017,data\raw\img_0017.jpg,16010,50e763ae42f2872db7567e607005d3b1.jpg,1024,819,validation
img_0018,data\raw\img_0018.jpg,9465,3af3a8c1e0581011f46326d3b837a53d.jpg,683,1024,validation
img_0019,data\raw\img_0019.jpg,14700,e712b9ad744015f1208a2b6eee27afcf.jpg,683,1024,validation
img_0020,data\raw\img_0020.jpg,11765,dcbdac96042c96e1fcd4f5e344c3ea43.jpg,682,1024,validation
img_0021,data\raw\img_0021.jpg,15860,4dfb4420e88d33d4d1fe455ad77d7901.jpg,682,1024,validation
img_0022,data\raw\img_0022.jpg,14811,53299262e048171c51fb3673c5b85a08.jpg,682,1024,validation
img_0023,data\raw\img_0023.jpg,15279,3fcfa9cf841c43da1cf40ff998939b21.jpg,683,1024,validation
img_0024,data\raw\img_0024.jpg,19795,e5b237935c0a652dc6585eea57e61dc8.jpg,681,1024,validation
img_0025,data\raw\img_0025.jpg,17856,0229bef01efc25f915374d55f59cbfdd.jpg,1024,768,validation
img_0026,data\raw\img_0026.jpg,15924,872fc33127ea1bff445f180e91ea979f.jpg,1024,682,validation
img_0027,data\raw\img_0027.jpg,17449,3641da2171647a07f88dae8d53c9a6a3.jpg,768,1024,validation
img_0028,data\raw\img_0028.jpg,10732,2cf13e48204a0e45bb0a58cf05b53c06.jpg,718,1024,validation
img_0029,data\raw\img_0029.jpg,12785,c04e7cf82a3d0216dabe151f5fc05c24.jpg,644,1024,validation
img_0030,data\raw\img_0030.jpg,14432,0ebe6d8449aed07be683fd778a4092d1.jpg,682,1024,validation
img_0031,data\raw\img_0031.jpg,15225,0544acba02e8776a56fde74f83633c21.jpg,1024,576,validation
img_0032,data\raw\img_0032.jpg,18204,c0a478558194a03c19b1ac9d61d5777c.jpg,768,1024,validation
img_0033,data\raw\img_0033.jpg,18319,176c976ed8edcf21eebef9de662adc18.jpg,683,1024,validation
img_0034,data\raw\img_0034.jpg,17848,4cea97e3bd3c0e426073cf4fe482b9ad.jpg,632,1024,validation
img_0035,data\raw\img_0035.jpg,11393,858f141535ac0b2aeef9278577da78b6.jpg,682,1024,validation
img_0036,data\raw\img_0036.jpg,18044,1b94b1ccf1076bf96d656a870f559d0e.jpg,555,1024,validation
img_0037,data\raw\img_0037.jpg,9703,a6f3960744c8db184ecb0f6112b7988e.jpg,1024,682,validation
img_0038,data\raw\img_0038.jpg,11614,dbbc57a65ecd459890dfd87b72288f70.jpg,682,1024,validation
img_0039,data\raw\img_0039.jpg,11931,31376f97ef5d1d083e6f1092d5d33b7b.jpg,682,1024,validation
img_0040,data\raw\img_0040.jpg,12215,9a886a145d0a9f81b15e79666a5c51b1.jpg,682,1024,validation
img_0041,data\raw\img_0041.jpg,17515,ada83e10834aa11414790cb9b9955aea.jpg,681,1024,validation
img_0042,data\raw\img_0042.jpg,12942,7f9007ed8484e01e26dee5e2e7a633bf.jpg,1024,683,validation
img_0043,data\raw\img_0043.jpg,19292,733c7993cb2b7f5abd3fe0ec9988137f.jpg,682,1024,validation
img_0044,data\raw\img_0044.jpg,15891,69b505aa605512169cdbf485fc8b9718.jpg,1024,683,validation
img_0045,data\raw\img_0045.jpg,15729,3a87ce99efb87686869fdb390cc5ef0c.jpg,1024,1024,validation
img_0046,data\raw\img_0046.jpg,10904,c20cd495aea72107c49299e4f957ef2b.jpg,1024,933,validation
img_0047,data\raw\img_0047.jpg,18908,3a251a0d83018173d9eb85dd2f7c64f1.jpg,1024,678,validation
img_0048,data\raw\img_0048.jpg,9656,420f153001eb2e37269ae974b9f7665e.jpg,682,1024,validation
img_0049,data\raw\img_0049.jpg,17108,63428001d1dead4d5afcbabfc9777c67.jpg,683,1024,validation
img_0050,data\raw\img_0050.jpg,16528,643befc8433653bd7647f45c3c89b02f.jpg,683,1024,validation
img_0051,data\raw\img_0051.jpg,9136,3f18271f3f7d101e2f9a27b0b12b034b.jpg,493,1024,validation
img_0052,data\raw\img_0052.jpg,20159,2e0668607ef88383e3fae4925b12cef8.jpg,683,1024,validation
img_0053,data\raw\img_0053.jpg,16651,54b5226293d7cf8eabc1421062284a05.jpg,632,1024,validation
img_0054,data\raw\img_0054.jpg,10018,aaf6934258f226a68996b5922fa3f038.jpg,684,1024,validation
img_0055,data\raw\img_0055.jpg,9645,bf220f1c9ef47e7338d32cd082ecc15c.jpg,683,1024,validation
img_0056,data\raw\img_0056.jpg,16672,627bfa841f072062e0cbeeff330787eb.jpg,682,1024,validation
img_0057,data\raw\img_0057.jpg,18707,9f8e805a62be868379e13cfa24658106.jpg,682,1024,validation
img_0058,data\raw\img_0058.jpg,9992,d56bf67bd74cb0f2128007818675a465.jpg,682,1024,validation
img_0059,data\raw\img_0059.jpg,17882,8894e8a608e0fc8b08f4f529b75a13b0.jpg,682,1024,validation
img_0060,data\raw\img_0060.jpg,16500,4d200cb316a6260257ce84b37e25161c.jpg,683,1024,validation
img_0061,data\raw\img_0061.jpg,16610,bd9c22e3a70ec0d7b77d3c4d10551241.jpg,681,1024,validation
img_0062,data\raw\img_0062.jpg,17725,fa798612385be732aa8a70fb56d8bed0.jpg,629,1024,validation
img_0063,data\raw\img_0063.jpg,16062,d42681a6b954af2d04e2aaaf9c1bba84.jpg,684,1024,validation
img_0064,data\raw\img_0064.jpg,18179,b5c8c768b2bc55ca312ffcbdabbc4acd.jpg,1024,682,validation
img_0065,data\raw\img_0065.jpg,16222,6c91cc6e1c07e9336e3c00d1569ac1c5.jpg,1024,680,validation
img_0066,data\raw\img_0066.jpg,19133,165fc69c577be6c18128e057487cf489.jpg,1024,683,validation
img_0067,data\raw\img_0067.jpg,9069,22edb152f5dcafd163ccf1e70d005e38.jpg,633,1024,validation
img_0068,data\raw\img_0068.jpg,8950,c1cd92903be0c82b188fb8d191770887.jpg,683,1024,validation
img_0069,data\raw\img_0069.jpg,20257,2b2de1517e4ce95fc961f0be4d0a41e9.jpg,910,1024,validation
img_0070,data\raw\img_0070.jpg,19099,aa8e34255bae5532e3c45385009a8d9a.jpg,1024,683,validation
img_0071,data\raw\img_0071.jpg,9347,b0c2003291bafdda48c2cc3c229dfda0.jpg,682,1024,validation
img_0072,data\raw\img_0072.jpg,10584,f1413790cd71f17dfb71065d96263992.jpg,682,1024,validation
img_0073,data\raw\img_0073.jpg,10382,6beae9033a9244991b99ac04347ba917.jpg,682,1024,validation
img_0074,data\raw\img_0074.jpg,20242,2aa229d7589a06e59c4eb1f05162f9ab.jpg,1024,471,validation
img_0075,data\raw\img_0075.jpg,12775,d143e41db607aaeff07a69ca9a5e704c.jpg,680,1024,validation
img_0076,data\raw\img_0076.jpg,15781,6c25f5b9177191c25b74f167d361e114.jpg,699,1024,validation
img_0077,data\raw\img_0077.jpg,11242,458aec6dd827b8585dbfeeb7bd4cf4c9.jpg,819,1024,validation
img_0078,data\raw\img_0078.jpg,17969,2ab8deb3a77d67416d2a5eeebd6a4d72.jpg,627,1024,validation
img_0079,data\raw\img_0079.jpg,18760,5ada94993430e73f1e6967d5ce2aecad.jpg,682,1024,validation
img_0080,data\raw\img_0080.jpg,15161,76865174d4c6dd61ba58e6ed3413295f.jpg,775,1024,validation
img_0081,data\raw\img_0081.jpg,13162,255989bbfb631c18a52e16690eae4545.jpg,681,1024,validation
img_0082,data\raw\img_0082.jpg,15331,6de0db96e14807a6824c20a3e4985fa9.jpg,683,1024,validation
img_0083,data\raw\img_0083.jpg,5593,5f1a6fc913ba40dee4d94b3428afba15.jpg,1024,683,validation
img_0084,data\raw\img_0084.jpg,18909,01a64310ea9205193295869fcae93f90.jpg,683,1024,validation
img_0085,data\raw\img_0085.jpg,11856,28f3172e9e96bb17c1f9ec3697b175bc.jpg,683,1024,validation
img_0086,data\raw\img_0086.jpg,10811,0bbb948a0876edce2827a164c6783fbe.jpg,683,1024,validation
img_0087,data\raw\img_0087.jpg,9227,a2085bd21aaddd5c1f59d53fa670d8c6.jpg,1024,683,validation
img_0088,data\raw\img_0088.jpg,12674,1ca4458d23522f006de2ffda045c3b44.jpg,680,1024,validation
img_0089,data\raw\img_0089.jpg,15421,05488fcc74f81ae452dd55229003f58f.jpg,680,1024,validation
img_0090,data\raw\img_0090.jpg,20499,ebd81bb9fb007fec37ab093678f48b21.jpg,633,1024,validation
img_0091,data\raw\img_0091.jpg,19455,e4dc2ffc35e68dd07dd67e7f575281b9.jpg,732,1024,validation
img_0092,data\raw\img_0092.jpg,8671,c8183194c22ace7c7bbe6f224ea525bb.jpg,683,1024,validation
img_0093,data\raw\img_0093.jpg,20639,228d6f335e7c88d524d4bd4c8bdebd1d.jpg,683,1024,validation
img_0094,data\raw\img_0094.jpg,16160,d32d4af30a095bfe47c8cb3c0e09935a.jpg,683,1024,validation
img_0095,data\raw\img_0095.jpg,9880,8ffb6a0c280839553fa4025f3135d178.jpg,683,1024,validation
img_0096,data\raw\img_0096.jpg,12107,0bbaa62211cc48b57957aab152fba023.jpg,683,1024,validation
img_0097,data\raw\img_0097.jpg,12704,73565a1d1eab156d8d17f9f481d7d54e.jpg,704,1024,validation
img_0098,data\raw\img_0098.jpg,18812,1b392a7577346eb050da07a9b7ea3c72.jpg,682,1024,validation
img_0099,data\raw\img_0099.jpg,10727,cdd27e07ef7ddf8d413bb13936241ac4.jpg,683,1024,validation
img_0100,data\raw\img_0100.jpg,19495,a5faa285a9bdc4fd48c22381fd2d4108.jpg,683,1024,validation
img_0101,data\raw\img_0101.jpg,16566,d71f379a691017d51634b13d7abc1350.jpg,683,1024,validation
img_0102,data\raw\img_0102.jpg,9835,c658c6a2698fc988c5e25000814cb2b0.jpg,682,1024,validation
img_0103,data\raw\img_0103.jpg,16896,0617757485dad98ded988c6e101c8bf2.jpg,682,1024,validation
img_0104,data\raw\img_0104.jpg,19876,d3288584fffb4caeb8a392304b09ce93.jpg,1024,678,validation
img_0105,data\raw\img_0105.jpg,12729,89144779b3e40421facdb2eb70309356.jpg,682,1024,validation
img_0106,data\raw\img_0106.jpg,16059,df9a2621439cbb8c39ed47a9072864c4.jpg,682,1024,validation
img_0107,data\raw\img_0107.jpg,15738,e2a1712cc3928d83e0339e5cb3832fec.jpg,682,1024,validation
img_0108,data\raw\img_0108.jpg,9540,a2d2041ec86da596439a8fd74575ce0b.jpg,683,1024,validation
img_0109,data\raw\img_0109.jpg,19602,ba49f22a7e2927ec0df677e4d199c93d.jpg,683,1024,validation
img_0110,data\raw\img_0110.jpg,13557,7450a0ad431b3446ab57608050095649.jpg,1024,1024,validation
img_0111,data\raw\img_0111.jpg,15699,bcdfe9978dc95b41eada90b84fa0741c.jpg,682,1024,validation
img_0112,data\raw\img_0112.jpg,10604,f4ff8848ec3b50fc969666ee2662bff7.jpg,683,1024,validation
img_0113,data\raw\img_0113.jpg,10795,35eb7f5fb76a9ed5aec684be53761cff.jpg,1024,682,validation
img_0114,data\raw\img_0114.jpg,19853,a0157697c907f7fb762702ca3e9ab259.jpg,632,1024,validation
img_0115,data\raw\img_0115.jpg,16331,d941732e5b6c817f7981cf6831c103a0.jpg,1024,683,validation
img_0116,data\raw\img_0116.jpg,16182,9e35bff1f530e353ce2844823e27fe28.jpg,684,1024,validation
img_0117,data\raw\img_0117.jpg,16553,cef7317d699eb4899f181a570b1502e0.jpg,1024,682,validation
img_0118,data\raw\img_0118.jpg,11284,ec3d4bc8f46f26f1012ea9f2f43060b0.jpg,1024,1024,validation
img_0119,data\raw\img_0119.jpg,17419,b0ed46a2ed52c32e7a1c2c47cebf3f70.jpg,683,1024,validation
img_0120,data\raw\img_0120.jpg,12565,6e2652e279a03035a8a0190ba461d247.jpg,721,1024,validation
img_0121,data\raw\img_0121.jpg,19498,bf08a1955bfce99f913046ef11600913.jpg,682,1024,validation
img_0122,data\raw\img_0122.jpg,18347,9078e17f7b8381d1600608b588ccbd45.jpg,632,1024,validation
img_0123,data\raw\img_0123.jpg,10149,bd4c2ae0478c2162033a02216e394604.jpg,792,1024,validation
img_0124,data\raw\img_0124.jpg,11859,31bbe8edffb11d49563d77dd3fa29610.jpg,1024,773,validation
img_0125,data\raw\img_0125.jpg,13037,f2cf1eff03298dcaf840385c787165f8.jpg,683,1024,validation
img_0126,data\raw\img_0126.jpg,12305,064c8022b32931e787260d81ed5aafe8.jpg,680,1024,validation
img_0127,data\raw\img_0127.jpg,15676,fcc71ab647c43d3bdae6ba5e9349464d.jpg,1024,679,validation
img_0128,data\raw\img_0128.jpg,18620,3d1a8d1323ab2feae0530606f883e2c7.jpg,739,1024,validation
img_0129,data\raw\img_0129.jpg,17847,67ec64b00cd3aa7ab1d92c59e5d8fd85.jpg,682,1024,validation
img_0130,data\raw\img_0130.jpg,19124,25d4e40003f6739349121db096771d58.jpg,680,1024,validation
img_0131,data\raw\img_0131.jpg,19882,1e54ccbc575eac627de68b221913fc52.jpg,1024,1005,validation
img_0132,data\raw\img_0132.jpg,11465,6c8b75eda84586938870b9715fd35181.jpg,682,1024,validation
img_0133,data\raw\img_0133.jpg,17087,320e6497373a2f91a108044407c69a9e.jpg,633,1024,validation
img_0134,data\raw\img_0134.jpg,16778,07a7bc9429c23e4704ab97898de75030.jpg,682,1024,validation
img_0135,data\raw\img_0135.jpg,19774,c8bb6c6fde01f900ab9534e214f30de4.jpg,682,1024,validation
img_0136,data\raw\img_0136.jpg,17413,91d63e4fe4777e2d1a6e7f9e6f93de2d.jpg,1024,682,validation
img_0137,data\raw\img_0137.jpg,11572,350932dd5559f9419cbd1fc1ae0e43e1.jpg,755,1024,validation
img_0138,data\raw\img_0138.jpg,11917,d23d0383fa7e5e512eba48cdf9b8f5cb.jpg,680,1024,validation
img_0139,data\raw\img_0139.jpg,9891,065fd62a332e15121c5f8713a5bc6bbc.jpg,1024,682,validation
img_0140,data\raw\img_0140.jpg,11593,a22769bf38c0acd680854bd5588e8075.jpg,682,1024,validation
img_0141,data\raw\img_0141.jpg,12449,470281287b961aa83407820eaf2cbf5c.jpg,619,1024,validation
img_0142,data\raw\img_0142.jpg,8955,f6d5d138127a985997df20d4cad1b276.jpg,682,1024,validation
img_0143,data\raw\img_0143.jpg,8988,e10a8dac9a4b0e4bb4424593fe187953.jpg,682,1024,validation
img_0144,data\raw\img_0144.jpg,11122,4d6c4b89ddc23629a730a46aaba04903.jpg,546,1024,validation
img_0145,data\raw\img_0145.jpg,11013,bd8d3293d99b77a3fa0ec0dd058235dc.jpg,683,1024,validation
img_0146,data\raw\img_0146.jpg,20028,5ab87e352be3b0c045cf417957013ecc.jpg,1024,683,validation
img_0147,data\raw\img_0147.jpg,8457,4aa62ca489ce6e163ca8400d4c96b569.jpg,683,1024,validation
img_0148,data\raw\img_0148.jpg,12128,d7da3cf290a8f293ed39dff8ed1ef376.jpg,680,1024,validation
img_0149,data\raw\img_0149.jpg,18987,12bf6fb74bf3a422429b71f23210d5fa.jpg,633,1024,validation
img_0150,data\raw\img_0150.jpg,19669,f6199582b266562fc8fb77d7ed18c068.jpg,1024,683,validation
img_0151,data\raw\img_0151.jpg,9083,985a2c07b12b20673074487049fdd68e.jpg,682,1024,validation
img_0152,data\raw\img_0152.jpg,15515,72a138c47a27759553ebb2b2c1a94707.jpg,1024,1024,validation
img_0153,data\raw\img_0153.jpg,15655,fac06865b4cba1c6f61a48a75848b626.jpg,677,1024,validation
img_0154,data\raw\img_0154.jpg,9794,38f9af46bc5456b86585c68acbb089d3.jpg,682,1024,validation
img_0155,data\raw\img_0155.jpg,19701,b2686172341f1d7a8b36b72194aad82e.jpg,1024,682,validation
img_0156,data\raw\img_0156.jpg,9151,9c2944165b3d4390a3aa62dc0a07fe7e.jpg,875,1024,validation
img_0157,data\raw\img_0157.jpg,9743,5c02879d04dacef50fe83f81243788df.jpg,608,1024,validation
img_0158,data\raw\img_0158.jpg,12211,5335b8ea8a70be860bc310864bc7d8d1.jpg,1024,682,validation
img_0159,data\raw\img_0159.jpg,12153,a8741d59e6609bfc5f6abfa00fd6b431.jpg,682,1024,validation
img_0160,data\raw\img_0160.jpg,13534,3b3fc92c529527b7c1dbe7d45c281beb.jpg,681,1024,validation
img_0161,data\raw\img_0161.jpg,12360,b1682bc7e7fb2a0d868f75a9fcc03b82.jpg,680,1024,validation
img_0162,data\raw\img_0162.jpg,10808,81d5078514e93327f0ef0461be35faa6.jpg,682,1024,validation
img_0163,data\raw\img_0163.jpg,16526,eb5165caf84a1a737f36bfa47a06c053.jpg,1024,683,validation
img_0164,data\raw\img_0164.jpg,13585,9888899a5551c6148dacc986272a4ff0.jpg,678,1024,validation
img_0165,data\raw\img_0165.jpg,18406,91d2989ccce4a5b3e4789f48b4e05a68.jpg,681,1024,validation
img_0166,data\raw\img_0166.jpg,20503,21dd915650694b8a5b17aa9e442bb079.jpg,1024,680,validation
img_0167,data\raw\img_0167.jpg,11303,e4432c751c332f2f5829e6a1ebb7301d.jpg,682,1024,validation
img_0168,data\raw\img_0168.jpg,10742,9f6a012fdb962c60a7f95bb7472a3c6c.jpg,1024,682,validation
img_0169,data\raw\img_0169.jpg,12486,c23406e7d038f1d5b46c900bf9e3e309.jpg,682,1024,validation
img_0170,data\raw\img_0170.jpg,20405,7a65f8ca901b6307715350452dff10b6.jpg,819,1024,validation
img_0171,data\raw\img_0171.jpg,11880,771969fa224f15b6514628d98b8e60d7.jpg,685,1024,validation
img_0172,data\raw\img_0172.jpg,19641,15e1718954473a29738aa932ba31719c.jpg,682,1024,validation
img_0173,data\raw\img_0173.jpg,20511,b75c28867e64db0d890e186710005eeb.jpg,683,1024,validation
img_0174,data\raw\img_0174.jpg,13043,e9d63492d0b43ec71ac6c9d8a6bb5b62.jpg,633,1024,validation
img_0175,data\raw\img_0175.jpg,13106,86f139c6fe14c64090091230a78862fd.jpg,1024,583,validation
img_0176,data\raw\img_0176.jpg,9692,fd567ffad275955ac945eeeacc1fdac5.jpg,680,1024,validation
img_0177,data\raw\img_0177.jpg,8519,1c906b2d4f414e1e7ed064abc0606a0a.jpg,682,1024,validation
img_0178,data\raw\img_0178.jpg,13312,7f5c5ed02e62a9afea01d6a60ac5e768.jpg,1024,682,validation
img_0179,data\raw\img_0179.jpg,11972,78c76bd3d70e760b4b59fde91b1cc03f.jpg,1024,912,validation
img_0180,data\raw\img_0180.jpg,15125,7f7cbaa6ea88b24f0e81c06355b380dc.jpg,679,1024,validation
img_0181,data\raw\img_0181.jpg,11097,5abd76c03bfe9417a51ef66b920e6ad9.jpg,1024,819,validation
img_0182,data\raw\img_0182.jpg,18001,7364f45820e10eb53b3b6827c2b08516.jpg,1024,682,validation
img_0183,data\raw\img_0183.jpg,16806,3ad8d42ba64449a7617160489b43cffb.jpg,682,1024,validation
img_0184,data\raw\img_0184.jpg,9312,8d1d4b14e598bafb3d718fa8c096e95e.jpg,682,1024,validation
img_0185,data\raw\img_0185.jpg,13326,68a8ab13c1413b5e8252fd7736e88860.jpg,684,1024,validation
img_0186,data\raw\img_0186.jpg,15649,bafce6a94544af54357177ff7bbd7453.jpg,1024,683,validation
img_0187,data\raw\img_0187.jpg,13395,4dc413ef5a47c5da696ba2f72835e6ed.jpg,682,1024,validation
img_0188,data\raw\img_0188.jpg,9236,96b202445bdc16ebc3e93ae5788ed63e.jpg,1024,680,validation
img_0189,data\raw\img_0189.jpg,11298,42e223bd6f6a6b8dce57c4496ca4fcc2.jpg,682,1024,validation
img_0190,data\raw\img_0190.jpg,12913,d2c69d175a69a01fe09597583fa740a3.jpg,683,1024,validation
img_0191,data\raw\img_0191.jpg,10848,faef680c9ba90bd6852e6bc759341896.jpg,680,1024,validation
img_0192,data\raw\img_0192.jpg,15984,6804c0168b384deb92f498ba8ed5ca4a.jpg,682,1024,validation
img_0193,data\raw\img_0193.jpg,17085,ac14ee8a27be712ac0123b69d376b0be.jpg,683,1024,validation
img_0194,data\raw\img_0194.jpg,15851,708b614476f051e6a165f1f124a269a8.jpg,682,1024,validation
img_0195,data\raw\img_0195.jpg,16953,13bd73c2068bc2705f3a0b65e425b965.jpg,683,1024,validation
img_0196,data\raw\img_0196.jpg,9690,20cce77f20aada8462856157a7957d8f.jpg,682,1024,validation
img_0197,data\raw\img_0197.jpg,13560,b360c19580caf49e561173fab54bfdb2.jpg,631,1024,validation
img_0198,data\raw\img_0198.jpg,15565,12416f707a0428adc08bc899bc6d84c8.jpg,682,1024,validation
img_0199,data\raw\img_0199.jpg,20397,0fd47405bde971ea795259fa8790ef40.jpg,683,1024,validation
img_0200,data\raw\img_0200.jpg,9210,b9b9619a5fec071603e1b29a9772cefc.jpg,681,1024,validation
img_0201,data\raw\img_0201.jpg,20297,1894401d7f537c348a237a8043630521.jpg,1024,683,validation
img_0202,data\raw\img_0202.jpg,9873,00a1940434d687a785be0acf2b0fbff3.jpg,682,1024,validation
img_0203,data\raw\img_0203.jpg,19618,3ce04e48660ed6d21aee863f674486b7.jpg,683,1024,validation
img_0204,data\raw\img_0204.jpg,23338,fb81f1a32e154a77e683f309cdf0794a.jpg,690,1024,validation
img_0205,data\raw\img_0205.jpg,19471,558aa27776a2fb39d148328b7c818b60.jpg,682,1024,validation
img_0206,data\raw\img_0206.jpg,10512,e2da13e8901b9733a8af384bf519762c.jpg,1024,576,validation
img_0207,data\raw\img_0207.jpg,17517,f6890fd9ddbb8cf2d17a332eb72e0ea2.jpg,683,1024,validation
img_0208,data\raw\img_0208.jpg,16956,7307f9bf5fa04f47361d0dd86d8c73d9.jpg,682,1024,validation
img_0209,data\raw\img_0209.jpg,20311,6f19aee196965eac33ddd9bda38a68e7.jpg,678,1024,validation
img_0210,data\raw\img_0210.jpg,12770,21c52aa89dbf9b2be2089c20cf1d987d.jpg,683,1024,validation
img_0211,data\raw\img_0211.jpg,17378,53f850b18b5101f28b6a279bcd546161.jpg,1024,682,validation
img_0212,data\raw\img_0212.jpg,12526,2ede08066feaa38aa9127fccf570a4a9.jpg,682,1024,validation
img_0213,data\raw\img_0213.jpg,18895,3bf082a96a03a1c8f75e1d1d0ebf42d2.jpg,682,1024,validation
img_0214,data\raw\img_0214.jpg,17609,9c740b226f9ffe7eca197ade2f554fe9.jpg,679,1024,validation
img_0215,data\raw\img_0215.jpg,20465,80b493e0dccaca4fcb11fe5d81c47e83.jpg,683,1024,validation
img_0216,data\raw\img_0216.jpg,20167,2064125f44bafe6b58a8b62750c96e5e.jpg,683,1024,validation
img_0217,data\raw\img_0217.jpg,19263,ffebe7df5bfb5974878870b8cb3ebed4.jpg,688,1024,validation
img_0218,data\raw\img_0218.jpg,19229,d7f4d06c3226febd8569d92476c19ef1.jpg,632,1024,validation
img_0219,data\raw\img_0219.jpg,9141,5509cbf54887e59f33c40bcbbc78a15b.jpg,682,1024,validation
img_0220,data\raw\img_0220.jpg,16478,8dd3fc43988364a48cd559387c10e029.jpg,683,1024,validation
img_0221,data\raw\img_0221.jpg,15379,12b3bdbd6cc7f9a136903bdf8c868d1a.jpg,632,1024,validation
img_0222,data\raw\img_0222.jpg,17706,a38445479f8dcc4074a291d8eb99e97a.jpg,633,1024,validation
img_0223,data\raw\img_0223.jpg,9174,70e000fc740fd51671f257453e5d4ef1.jpg,683,1024,validation
img_0224,data\raw\img_0224.jpg,16648,86184f05dab0caa5e96ab1db699e91e7.jpg,682,1024,validation
img_0225,data\raw\img_0225.jpg,11091,7be8af2ebbb6fa133131a2f42bdbe9f6.jpg,1024,680,validation
img_0226,data\raw\img_0226.jpg,20009,8be355cc27de8de90e70100fd6d9c242.jpg,682,1024,validation
img_0227,data\raw\img_0227.jpg,18669,6205f4229badeebe2a4108454210809f.jpg,682,1024,validation
img_0228,data\raw\img_0228.jpg,12776,9ad95d2490271aec9728b86fee44ccfc.jpg,682,1024,validation
img_0229,data\raw\img_0229.jpg,20235,6469f5b56cb9ab713851fcd9116923c1.jpg,529,1024,validation
img_0230,data\raw\img_0230.jpg,20618,3c9135567d29729161aa465507e5efad.jpg,682,1024,validation
img_0231,data\raw\img_0231.jpg,19786,88594d2c3e6bc16310571a20f9e13791.jpg,1024,1024,validation
img_0232,data\raw\img_0232.jpg,19771,fd5e95a00bcee9d241c1bca1bf4c16c0.jpg,625,1024,validation
img_0233,data\raw\img_0233.jpg,9669,387a049fc5d151a2c6c2444a44211d5c.jpg,682,1024,validation
img_0234,data\raw\img_0234.jpg,10061,bdf1b7cd23faf554bec077e59312de2e.jpg,682,1024,validation
img_0235,data\raw\img_0235.jpg,10180,ae214103040109df9e86f748c287472e.jpg,1024,682,validation
img_0236,data\raw\img_0236.jpg,15112,c091531b2b5cb6a6c8ad2ce197d530f4.jpg,1024,683,validation
img_0237,data\raw\img_0237.jpg,16931,d14c29b741ec264a1bc7ea1918898a99.jpg,680,1024,validation
img_0238,data\raw\img_0238.jpg,12889,e636280e96f3863157a4398c92fc299e.jpg,682,1024,validation
img_0239,data\raw\img_0239.jpg,13283,52a6dcf5c19a6f0f6033ebc8dd9f3078.jpg,682,1024,validation
img_0240,data\raw\img_0240.jpg,16638,a81789ee4548b9ea8aafde83cc5eaccc.jpg,682,1024,validation
img_0241,data\raw\img_0241.jpg,16006,39fc64de6a2304536b0cf18e4de97f98.jpg,682,1024,validation
img_0242,data\raw\img_0242.jpg,12976,871b1533f5ecd9f4de3d7942ab3dfcc1.jpg,683,1024,validation
img_0243,data\raw\img_0243.jpg,19062,dcbc290593fde91a59d83ec39a4243e7.jpg,682,1024,validation
img_0244,data\raw\img_0244.jpg,10313,7642e0c82d9c6230883fa6378932c869.jpg,632,1024,validation
img_0245,data\raw\img_0245.jpg,18724,4d41de545cfaf48804ea579802168dc4.jpg,1024,683,validation
img_0246,data\raw\img_0246.jpg,19484,6216b46eeada317d0fbac617c2f09a2f.jpg,683,1024,validation
img_0247,data\raw\img_0247.jpg,15840,eb920929bad2610918b0ca9e8236d058.jpg,683,1024,validation
img_0248,data\raw\img_0248.jpg,17833,dc930ab2bd268b01b3ffd6c44e897e8f.jpg,678,1024,validation
img_0249,data\raw\img_0249.jpg,9717,128e563f37864265333bc9a3de7dccc6.jpg,682,1024,validation
img_0250,data\raw\img_0250.jpg,9640,06cc4cc3fd423fb82ce78a63c903cc5b.jpg,1024,682,validation
img_0251,data\raw\img_0251.jpg,17416,b23b002bed11cb4c1b8acaca75a88d71.jpg,819,1024,validation
img_0252,data\raw\img_0252.jpg,9031,23791581c54542f3e761b0ff28c38e00.jpg,1024,823,validation
img_0253,data\raw\img_0253.jpg,13331,d2f3f13a7a3532cc905fe9f3bad10b8a.jpg,683,1024,validation
img_0254,data\raw\img_0254.jpg,19413,d47fd4ffb3f8559ed563d59f03507e98.jpg,1024,1024,validation
img_0255,data\raw\img_0255.jpg,17255,491cb7a45cc0f231fac998814d9a10f2.jpg,682,1024,validation
img_0256,data\raw\img_0256.jpg,17229,3b090c8c5228647a7c486ed9f1b14309.jpg,464,1024,validation
img_0257,data\raw\img_0257.jpg,19033,cd9737f2cf0967f12cc001d57568e913.jpg,1024,683,validation
img_0258,data\raw\img_0258.jpg,9575,609b9fc370f7c98fbb6a41baf72664a1.jpg,683,1024,validation
img_0259,data\raw\img_0259.jpg,12876,ac257ddc35bb18760df07544ca327129.jpg,682,1024,validation
img_0260,data\raw\img_0260.jpg,10854,311db0d6f5b7be84ac3c952a443ef981.jpg,680,1024,validation
img_0261,data\raw\img_0261.jpg,16666,44e72ecbd53c71e3762350a33de162ce.jpg,1024,682,validation
img_0262,data\raw\img_0262.jpg,18405,ebe5e781a398df8c599047d5bf319c2e.jpg,678,1024,validation
img_0263,data\raw\img_0263.jpg,12423,a07d21ff7436ded273fe71af64d05baf.jpg,683,1024,validation
img_0264,data\raw\img_0264.jpg,20246,5fc2853754a2d370b75869fe467672a5.jpg,682,1024,validation
img_0265,data\raw\img_0265.jpg,16683,d5d759731757fdef16a804321d4375ae.jpg,1024,683,validation
img_0266,data\raw\img_0266.jpg,8610,e7bd5aa16c1acc64616bf60ea3aa0c36.jpg,682,1024,validation
img_0267,data\raw\img_0267.jpg,11125,a49b9f9ea8665f09f536d0f122a4776f.jpg,1024,682,validation
img_0268,data\raw\img_0268.jpg,17548,338e3b7d82fb18e09d546dd3056184e4.jpg,682,1024,validation
img_0269,data\raw\img_0269.jpg,18718,a6507cc61e40a08435a5a210450a47c1.jpg,819,1024,validation
img_0270,data\raw\img_0270.jpg,18461,29548961c91191c37d36a5fa7a991d5d.jpg,682,1024,validation
img_0271,data\raw\img_0271.jpg,10035,efd0bee7ed5502dcf4e482ddd63c7042.jpg,682,1024,validation
img_0272,data\raw\img_0272.jpg,13049,af8be1edbef6e48a88325ebf63cb48f1.jpg,1024,1024,validation
img_0273,data\raw\img_0273.jpg,8935,91eeab2f8925619cbcaae92a12d83bc8.jpg,677,1024,validation
img_0274,data\raw\img_0274.jpg,15988,548cf1c7f88c44f0acc7bf68885b6d31.jpg,1024,819,validation
img_0275,data\raw\img_0275.jpg,8875,42fcd15111e080373a8c07201a539ca1.jpg,682,1024,validation
img_0276,data\raw\img_0276.jpg,15430,60d05fa8bc73b960e13f73cb8a312b0e.jpg,702,1024,validation
img_0277,data\raw\img_0277.jpg,19794,6385040ca90ec396e37c2a25c2aafc31.jpg,768,1024,validation
img_0278,data\raw\img_0278.jpg,12948,1f4c2d7ddfaa4d7c5a88df6d04ec0512.jpg,633,1024,validation
img_0279,data\raw\img_0279.jpg,10572,77c90295a0c61308fbd2a3620f2b4a09.jpg,1024,683,validation
img_0280,data\raw\img_0280.jpg,11227,fac6412c2873388612c4ec4cda414ac6.jpg,682,1024,validation
img_0281,data\raw\img_0281.jpg,9541,9fac627b1dc1153b5933ed3dc3020bac.jpg,683,1024,validation
img_0282,data\raw\img_0282.jpg,15387,3eb7a0ff606c78fe102f35a98f08573c.jpg,682,1024,validation
img_0283,data\raw\img_0283.jpg,15953,12da876e7f7a7e754f0ffe635dfb79f0.jpg,987,1024,validation
img_0284,data\raw\img_0284.jpg,19195,6cbc18fcb13a5381bf4eeebaea71ec43.jpg,683,1024,validation
img_0285,data\raw\img_0285.jpg,8980,a3068422b4e9c7f37d6cf45f44d1d8eb.jpg,1024,682,validation
img_0286,data\raw\img_0286.jpg,9430,2df8a3cbaf17a7e8441cf3f4bc73824c.jpg,1024,682,validation
img_0287,data\raw\img_0287.jpg,11849,1c1484bd95e170ad133660f8a69419b1.jpg,812,1024,validation
img_0288,data\raw\img_0288.jpg,9274,9737a08c0d581734111e8d0d60a8d6ec.jpg,1024,680,validation
img_0289,data\raw\img_0289.jpg,19768,3ad847bd01f73476418f50f8419bf644.jpg,681,1024,validation
img_0290,data\raw\img_0290.jpg,12333,f767f960131554afda3064a73f90e9f8.jpg,1024,1024,validation
img_0291,data\raw\img_0291.jpg,9800,c0e92f68b8ce834a9929e537d5f8228c.jpg,683,1024,validation
img_0292,data\raw\img_0292.jpg,10957,b9d34d7ecfc267888ad6eb0f20af3792.jpg,547,1024,validation
img_0293,data\raw\img_0293.jpg,12208,52df4fde942c5b69a757f82014af85e4.jpg,632,1024,validation
img_0294,data\raw\img_0294.jpg,16004,7ecf591cf3e21e72ea2718e3869f5768.jpg,629,1024,validation
img_0295,data\raw\img_0295.jpg,9709,e8a9349ee53c9e5bfd21102e8b6b52f9.jpg,683,1024,validation
img_0296,data\raw\img_0296.jpg,13505,a70857f8f76a18d097becc82eb33a9f1.jpg,632,1024,validation
img_0297,data\raw\img_0297.jpg,12567,9171c0d10e43e4b5987a705e552568d7.jpg,632,1024,validation
img_0298,data\raw\img_0298.jpg,15661,0c6cf79ffbf7f14a266d0f0f21219447.jpg,613,1024,validation
img_0299,data\raw\img_0299.jpg,19806,ceba33cb9d3468560844583f709d5961.jpg,1024,683,validation
img_0300,data\raw\img_0300.jpg,9137,01c4698117bd9b3f99bc751da8dfd96c.jpg,1024,819,validation
img_0301,data\raw\img_0301.jpg,12073,733128db0ce4f09443fc561514458c7f.jpg,683,1024,validation
img_0302,data\raw\img_0302.jpg,16041,51c2e1d3765b48227cc474513f6efc59.jpg,587,1024,validation
img_0303,data\raw\img_0303.jpg,10574,2bb3700b00be0b5dc63b73da24501546.jpg,802,1024,validation
img_0304,data\raw\img_0304.jpg,18329,54758e3c78368fec8f3dced455305249.jpg,695,1024,validation
img_0305,data\raw\img_0305.jpg,16721,9ac4f47132fe867a5bef9e999fe562fd.jpg,682,1024,validation
img_0306,data\raw\img_0306.jpg,17718,fa9d0d5edd31d61640e21fafc6aaa2c2.jpg,1024,680,validation
img_0307,data\raw\img_0307.jpg,18132,f7f6ae15cf7b430b2bfb95eff751232b.jpg,682,1024,validation
img_0308,data\raw\img_0308.jpg,19551,6765044e8079cfe42ae6cac73cbf79c4.jpg,681,1024,validation
img_0309,data\raw\img_0309.jpg,17313,a3f881917b1e3e8875dfe97f9ae98bee.jpg,1024,1024,validation
img_0310,data\raw\img_0310.jpg,13482,a13f7be475e3cf371b342c0f2e320836.jpg,682,1024,validation
img_0311,data\raw\img_0311.jpg,12651,6d095eb37a313bb784ad00ab53a0df05.jpg,768,1024,validation
img_0312,data\raw\img_0312.jpg,15538,6ff1187d58522da123a25c0e8354f29f.jpg,682,1024,validation
img_0313,data\raw\img_0313.jpg,9309,2e442d2b49f0c08838c96fa0de887956.jpg,1024,720,validation
img_0314,data\raw\img_0314.jpg,11412,a7830bf408d9fb215c314b3fc77cb1d4.jpg,1024,578,validation
img_0315,data\raw\img_0315.jpg,10747,24f1db5265b04819c05c271ffb22a0ef.jpg,678,1024,validation
img_0316,data\raw\img_0316.jpg,16924,fa9077a968d2fd593b3999aad7f54231.jpg,682,1024,validation
img_0317,data\raw\img_0317.jpg,10404,110884e327a094ad86358ece522dddff.jpg,632,1024,validation
img_0318,data\raw\img_0318.jpg,9097,6ad46457d37e8ebd257eb54fb3ac4da3.jpg,768,1024,validation
img_0319,data\raw\img_0319.jpg,12508,70728a64bc4398b0f4204e8ad7b9bc06.jpg,683,1024,validation
img_0320,data\raw\img_0320.jpg,12448,fc3ee8e64072d2b42d6a8c2d1e52e2da.jpg,572,1024,validation
img_0321,data\raw\img_0321.jpg,10239,2c93c741cc5e4e4fce6f7a7b0d46064e.jpg,645,1024,validation
img_0322,data\raw\img_0322.jpg,12931,13c2e7449a549d43161b95c9f1d68d40.jpg,682,1024,validation
img_0323,data\raw\img_0323.jpg,19973,8dfb0daa689c59460fc5a65f27a66ff1.jpg,682,1024,validation
img_0324,data\raw\img_0324.jpg,19633,768acaf9c9e2b1230016fa2924ce42aa.jpg,683,1024,validation
img_0325,data\raw\img_0325.jpg,11588,559e02db49c2e81f6a6116b717beee9d.jpg,678,1024,validation
img_0326,data\raw\img_0326.jpg,10643,e5aa91641399166c638e174814a95238.jpg,683,1024,validation
img_0327,data\raw\img_0327.jpg,12227,1646a045268fa9848e2dad851f740452.jpg,1024,819,validation
img_0328,data\raw\img_0328.jpg,15998,19b88ca66e3ab754d3b6aa7d5e2f0a83.jpg,1024,682,validation
img_0329,data\raw\img_0329.jpg,11254,a9c817161fda6df41766dfe80e939c6b.jpg,1024,675,validation
img_0330,data\raw\img_0330.jpg,19442,463c8ac180902e0814b6869716576eb5.jpg,1024,680,validation
img_0331,data\raw\img_0331.jpg,19295,f084bd0f4fe67b11b0e3a8a64db58e7f.jpg,642,1024,validation
img_0332,data\raw\img_0332.jpg,12796,21b019899232d2682e25237d3da5eefc.jpg,649,1024,validation
img_0333,data\raw\img_0333.jpg,15076,c47f02a61808cde22c26d21fb035da83.jpg,683,1024,validation
img_0334,data\raw\img_0334.jpg,17408,301550866f92b82ff7c831e6efdaf531.jpg,682,1024,validation
img_0335,data\raw\img_0335.jpg,19162,53638f7d3a9adcd5e93a4ade8f1ed552.jpg,632,1024,validation
img_0336,data\raw\img_0336.jpg,9260,ca395e774bde006791482eba79226b7d.jpg,651,1024,validation
img_0337,data\raw\img_0337.jpg,16079,2bac65b52a54381bcae0b0c817fc3ebf.jpg,682,1024,validation
img_0338,data\raw\img_0338.jpg,8985,9ad7fa911ef3602db892724c8cd679ee.jpg,683,1024,validation
img_0339,data\raw\img_0339.jpg,9845,1a2e249b43d0234652e1e1afe9fcef61.jpg,682,1024,validation
img_0340,data\raw\img_0340.jpg,10959,ee8429febbbf2ceb90270629d0ae0850.jpg,682,1024,validation
img_0341,data\raw\img_0341.jpg,16586,dbf96873bc9183c44f618edc3771dfb4.jpg,683,1024,validation
img_0342,data\raw\img_0342.jpg,10531,33cfdcbd48019b09e36a78c428bbae1d.jpg,679,1024,validation
img_0343,data\raw\img_0343.jpg,11376,488d950965993b643ae18323acacc9d0.jpg,1024,682,validation
img_0344,data\raw\img_0344.jpg,19218,d680b56c59f41348dcaf98fefe05f7d8.jpg,773,1024,validation
img_0345,data\raw\img_0345.jpg,10265,f94473431eecc5ca5f6434ee413fc2d0.jpg,684,1024,validation
img_0346,data\raw\img_0346.jpg,16521,ba8652e2b71e0be6567767d256fa600e.jpg,683,1024,validation
img_0347,data\raw\img_0347.jpg,18568,219a6c846e208bbad39f71ddab96408a.jpg,682,1024,validation
img_0348,data\raw\img_0348.jpg,14522,9a7743d3ea701eb05c5529810f2243a7.jpg,682,1024,validation
img_0349,data\raw\img_0349.jpg,17662,356a5d0bd91c5f2ea94140f4e4ab24fc.jpg,692,1024,validation
img_0350,data\raw\img_0350.jpg,8712,8afcffb4c50974318288681ea6c1b5a8.jpg,682,1024,validation
img_0351,data\raw\img_0351.jpg,15758,01d0251b5bc5a41f93c86042c56258d3.jpg,683,1024,validation
img_0352,data\raw\img_0352.jpg,18566,7802244651c1fd5b38a364dddc367f7c.jpg,682,1024,validation
img_0353,data\raw\img_0353.jpg,15418,26a82d34b44654c6812863ecacb3f3fc.jpg,679,1024,validation
img_0354,data\raw\img_0354.jpg,16613,b84ba0c1bb7cd0ad837ae77665e9a784.jpg,681,1024,validation
img_0355,data\raw\img_0355.jpg,9088,dcad9d1fe5e077912fe84049c3e7076c.jpg,618,1024,validation
img_0356,data\raw\img_0356.jpg,9336,693a69866e6d91826d18808121f711f9.jpg,683,1024,validation
img_0357,data\raw\img_0357.jpg,18652,de3b47ed616028f8ca462583f6f30059.jpg,632,1024,validation
img_0358,data\raw\img_0358.jpg,19829,c4495c86c19fedfdf2fefb74d43fdd6d.jpg,594,1024,validation
img_0359,data\raw\img_0359.jpg,11630,f85cf6884f138a76a79ee883372007a8.jpg,679,1024,validation
img_0360,data\raw\img_0360.jpg,15868,e2f1a9a76fd07686fb708f0c7e1e3532.jpg,1024,683,validation
img_0361,data\raw\img_0361.jpg,18974,5fd78b0a8107415548b93f29bb5210f1.jpg,681,1024,validation
img_0362,data\raw\img_0362.jpg,20065,f184df3bcf321ef5d3e4d5a513ade947.jpg,681,1024,validation
img_0363,data\raw\img_0363.jpg,15145,6c8834c6e3dfa2b294971d118eb505e8.jpg,700,1024,validation
img_0364,data\raw\img_0364.jpg,12225,06017096e7f209d3b23802f546830b40.jpg,1024,683,validation
img_0365,data\raw\img_0365.jpg,12473,3fe7ee5e245a4e4eaf88181e5186333a.jpg,684,1024,validation
img_0366,data\raw\img_0366.jpg,17737,cade19169e79b91b610ce5a6f7576a5b.jpg,680,1024,validation
img_0367,data\raw\img_0367.jpg,19461,3023783645f6b5b3ddd20648231f85aa.jpg,633,1024,validation
img_0368,data\raw\img_0368.jpg,19554,0146a53e12d690914995248fb6872121.jpg,680,1024,validation
img_0369,data\raw\img_0369.jpg,9077,9dd731f00f648ab2ce0f52747e26f539.jpg,1024,683,validation
img_0370,data\raw\img_0370.jpg,18980,c59652d40810f10a443756d41bfa1287.jpg,618,1024,validation
img_0371,data\raw\img_0371.jpg,17601,8d9db596f429d1ce75c6c163ae9d987c.jpg,845,1024,validation
img_0372,data\raw\img_0372.jpg,12443,eaac0d86af8296fe77b0cbaac0d04d93.jpg,637,1024,validation
img_0373,data\raw\img_0373.jpg,18250,33a60f6f6d0abe76697705b61564ad30.jpg,682,1024,validation
img_0374,data\raw\img_0374.jpg,15504,7229de52add8dfb593d50f63cc39df10.jpg,655,1024,validation
img_0375,data\raw\img_0375.jpg,12726,163316c8653449a9af4e731ac3aedaf7.jpg,576,1024,validation
img_0376,data\raw\img_0376.jpg,20458,08680e1257c83a5a603ae3ef67ef3dde.jpg,768,1024,validation
img_0377,data\raw\img_0377.jpg,15920,3a363533069e4150d6fd215abb73dd08.jpg,683,1024,validation
img_0378,data\raw\img_0378.jpg,12795,8b95a6d4b56beeee01e7f74c76352b18.jpg,683,1024,validation
img_0379,data\raw\img_0379.jpg,18086,3c8169ca77a76890f83af2cc72ec4f24.jpg,692,1024,validation
img_0380,data\raw\img_0380.jpg,20283,5a6a709cdd926e51bdbaba834d0c7207.jpg,1024,768,validation
img_0381,data\raw\img_0381.jpg,11065,5c4ce383d7586b7babf9dc6ab79907bb.jpg,1024,1002,validation
img_0382,data\raw\img_0382.jpg,10852,5d7f5a1b4d12d8931d03c3e7e1060689.jpg,681,1024,validation
img_0383,data\raw\img_0383.jpg,15703,1133c832005b9620ab89eee82ba1c4a2.jpg,683,1024,validation
img_0384,data\raw\img_0384.jpg,18696,b71711424f189b2279045ba925231bc8.jpg,682,1024,validation
img_0385,data\raw\img_0385.jpg,12381,97431c84addb6dffd10e60658cbf00b8.jpg,682,1024,validation
img_0386,data\raw\img_0386.jpg,16497,ec83daef3597c9591605493556a4fc73.jpg,682,1024,validation
img_0387,data\raw\img_0387.jpg,10679,706d1795327d056a2b9aac1428027966.jpg,731,1024,validation
img_0388,data\raw\img_0388.jpg,12084,daa5986d4a683b547328db6dce8d7817.jpg,682,1024,validation
img_0389,data\raw\img_0389.jpg,16321,c8b21201adefc9832068416f76773cf5.jpg,1024,1024,validation
img_0390,data\raw\img_0390.jpg,19661,7e726464437432e79c18a5dba42562f8.jpg,683,1024,validation
img_0391,data\raw\img_0391.jpg,18033,e0c0f2e8c0739f4be05015fa22e38c16.jpg,683,1024,validation
img_0392,data\raw\img_0392.jpg,11152,3109762baa95cfc50b5a454db19d4143.jpg,631,1024,validation
img_0393,data\raw\img_0393.jpg,13445,bbb7c11a2a4fe731a371cdf9e223c360.jpg,678,1024,validation
img_0394,data\raw\img_0394.jpg,19394,cf2b90efe608a262ab09c367feddc352.jpg,1024,699,validation
img_0395,data\raw\img_0395.jpg,12246,20bdefcd48f74c927cca2870e52176b1.jpg,1024,576,validation
img_0396,data\raw\img_0396.jpg,18022,65aba1fc79c8b44c66e8f75be8b7633e.jpg,575,1024,validation
img_0397,data\raw\img_0397.jpg,15530,d9ff0d53e1e06bdb6e954700cbaea4c1.jpg,1024,1024,validation
img_0398,data\raw\img_0398.jpg,15771,06e324f9ef2c3bc1cc2573562e498499.jpg,1024,680,validation
img_0399,data\raw\img_0399.jpg,15108,5b7dfd2d006e7f0dd2bd673dd009d413.jpg,633,1024,validation
img_0400,data\raw\img_0400.jpg,18960,1c3c10b47057091f4b524f0128280b51.jpg,647,1024,validation
img_0401,data\raw\img_0401.jpg,10898,aa2b2c6923621af9d2ba884f02006cd6.jpg,1011,1024,validation
img_0402,data\raw\img_0402.jpg,13365,2171b137ca967fb6540ce50fc824aaa4.jpg,682,1024,validation
img_0403,data\raw\img_0403.jpg,16455,f7d42de488267872bad676577e46b027.jpg,683,1024,validation
img_0404,data\raw\img_0404.jpg,9971,c7a789f6eaa33502f0d3d17a69c07732.jpg,744,1024,validation
img_0405,data\raw\img_0405.jpg,9353,16969a96d6b8f1c5f2f74805364bc19a.jpg,733,1024,validation
img_0406,data\raw\img_0406.jpg,12813,750ff1f0bb17bd102b4e68e96684a2ee.jpg,1024,682,validation
img_0407,data\raw\img_0407.jpg,18659,19a3e67782134960f8aad30e24e2a303.jpg,681,1024,validation
img_0408,data\raw\img_0408.jpg,17710,c891be8bf301ed615ca18b5b71380794.jpg,684,1024,validation
img_0409,data\raw\img_0409.jpg,16314,1851ff9e83b22cbaa4fac6880ddbdc66.jpg,937,1024,validation
img_0410,data\raw\img_0410.jpg,18450,18fda96dc0831e40bcaf6c68f4b54455.jpg,1024,680,validation
img_0411,data\raw\img_0411.jpg,12042,1ed3961d0e80c5b7b8b09f9c1ce0662c.jpg,1024,576,validation
img_0412,data\raw\img_0412.jpg,15531,d596ec2c155fd18bb532077bf035701f.jpg,683,1024,validation
img_0413,data\raw\img_0413.jpg,12432,215ae3c02ff82ed943816a80204d7a41.jpg,682,1024,validation
img_0414,data\raw\img_0414.jpg,18443,c727d3096d448818302663fda2fedb2c.jpg,680,1024,validation
img_0415,data\raw\img_0415.jpg,12953,57774be0f5c323623cc8df37d812c033.jpg,681,1024,validation
img_0416,data\raw\img_0416.jpg,13470,cb43bd1cf64a15ba6d0bea9e343247ed.jpg,633,1024,validation
img_0417,data\raw\img_0417.jpg,11758,b226932f31c134c6312e848a0c67037b.jpg,682,1024,validation
img_0418,data\raw\img_0418.jpg,20495,ee95f14ac534d52c329935bddf2d6e91.jpg,1024,682,validation
img_0419,data\raw\img_0419.jpg,18712,474d53c6c7a10c536cb49d55104211bf.jpg,680,1024,validation
img_0420,data\raw\img_0420.jpg,17136,75ec98a0e2afc332e276815266db0a4a.jpg,716,1024,validation
img_0421,data\raw\img_0421.jpg,9836,c71725f6c3b33f109c76c4d356efb90b.jpg,678,1024,validation
img_0422,data\raw\img_0422.jpg,9204,efbbe5ebcc3c3ab9c8cea01fbeefded5.jpg,683,1024,validation
img_0423,data\raw\img_0423.jpg,18529,eb001cb29f156112d158a52621e70964.jpg,682,1024,validation
img_0424,data\raw\img_0424.jpg,19219,e9e415310c10ee05c1ebbf0f013c9269.jpg,1024,682,validation
img_0425,data\raw\img_0425.jpg,17091,b66643e09504500db84e3d75535a8273.jpg,683,1024,validation
img_0426,data\raw\img_0426.jpg,19871,7eefb98ba73c8eae29d8c7933ce8af10.jpg,682,1024,validation
img_0427,data\raw\img_0427.jpg,15291,a2f2fb31d3d5ee496df28eb7c43304da.jpg,636,1024,validation
img_0428,data\raw\img_0428.jpg,9636,b817d1607defe277ab41e880ca1c6763.jpg,681,1024,validation
img_0429,data\raw\img_0429.jpg,16848,3dc0b2b41d54c1b702e908f8aa5b4e04.jpg,451,1024,validation
img_0430,data\raw\img_0430.jpg,12836,ae8c7fa59cb054a8e15b2d6518c95ee3.jpg,682,1024,validation
img_0431,data\raw\img_0431.jpg,13257,6661e2aa125fb543f39193e0d8423720.jpg,682,1024,validation
img_0432,data\raw\img_0432.jpg,12433,4a093e8fa7c58644cb2ebcc953b16f14.jpg,1024,682,validation
img_0433,data\raw\img_0433.jpg,15309,1dffba470396e2e75841783f4584ed86.jpg,1024,682,validation
img_0434,data\raw\img_0434.jpg,20081,5519b067d1037167b0acd664fcbb918e.jpg,632,1024,validation
img_0435,data\raw\img_0435.jpg,18701,f4d657db6102c49c49b84840ab166ac0.jpg,633,1024,validation
img_0436,data\raw\img_0436.jpg,20023,136ac2a820e9718e52835f815428be82.jpg,839,1024,validation
img_0437,data\raw\img_0437.jpg,9753,4f23f05daee3cbdd96295f84825e3581.jpg,683,1024,validation
img_0438,data\raw\img_0438.jpg,16673,3c77bfcabe3495c954793a8f4696be5f.jpg,682,1024,validation
img_0439,data\raw\img_0439.jpg,16583,a9004798c12909fa5899900577bb45a2.jpg,682,1024,validation
img_0440,data\raw\img_0440.jpg,12165,f4bf2404ce69fae4d8308a0c12c9c6fa.jpg,682,1024,validation
img_0441,data\raw\img_0441.jpg,19808,679ab015b49cb5b53d168d3efd956fad.jpg,589,1024,validation
img_0442,data\raw\img_0442.jpg,19448,654de01ca8c6c182ffde9a511c091dd8.jpg,1024,683,validation
img_0443,data\raw\img_0443.jpg,15227,473ca12a9a40ada656994abef67bf900.jpg,680,1024,validation
img_0444,data\raw\img_0444.jpg,18943,e58b172581a1b2e4d7ed70620b23d2be.jpg,683,1024,validation
img_0445,data\raw\img_0445.jpg,20004,33846044d27032d3988b9b4b7e22e252.jpg,682,1024,validation
img_0446,data\raw\img_0446.jpg,10395,914d8db66c7d852b32df43fedfe1ed58.jpg,682,1024,validation
img_0447,data\raw\img_0447.jpg,12112,2ceacea255bd16e687e26a83c5452255.jpg,683,1024,validation
img_0448,data\raw\img_0448.jpg,10222,97d77f8581dbbd6534ffd92e382b0700.jpg,683,1024,validation
img_0449,data\raw\img_0449.jpg,17323,8bca1e53faf0293e78a2bc23cc27d9f6.jpg,684,1024,validation
img_0450,data\raw\img_0450.jpg,12755,37428aefea46fee89a2af9dc1ba086e1.jpg,682,1024,validation
img_0451,data\raw\img_0451.jpg,16221,e9276aedf39f09ebe6ded9e203982fea.jpg,514,1024,validation
img_0452,data\raw\img_0452.jpg,18927,f06777ee045a0762aad3a7ec3111b864.jpg,680,1024,validation
img_0453,data\raw\img_0453.jpg,17207,4ec22d53051a9c25a134fb154e6ea3b0.jpg,621,1024,validation
img_0454,data\raw\img_0454.jpg,13077,a1678fa388b815b80f71ac94878eef47.jpg,681,1024,validation
img_0455,data\raw\img_0455.jpg,15843,af525e61e3575651154f2b0e9772f48c.jpg,680,1024,validation
img_0456,data\raw\img_0456.jpg,16134,0f89611061b52ccbf2dde820554de1df.jpg,683,1024,validation
img_0457,data\raw\img_0457.jpg,10071,15910ed48cbfceeff0e0b808694b732c.jpg,1024,682,validation
img_0458,data\raw\img_0458.jpg,17281,1bfa6210a0974e1218e74f6c7d8258ca.jpg,1024,680,validation
img_0459,data\raw\img_0459.jpg,17285,f8e06447cc09b99b019e6115ac68d633.jpg,633,1024,validation
img_0460,data\raw\img_0460.jpg,15214,9466c1ebff0cc438549ceae3e46a14f5.jpg,1024,682,validation
img_0461,data\raw\img_0461.jpg,9699,56e5e99c58d6d12337e92e6a73f3c8d5.jpg,682,1024,validation
img_0462,data\raw\img_0462.jpg,15201,25fb92c0d8ca2d4d159bfcd674b484d8.jpg,1024,682,validation
img_0463,data\raw\img_0463.jpg,17370,0309e132bc5fbc75f977005b2d4a79e3.jpg,632,1024,validation
img_0464,data\raw\img_0464.jpg,9834,6cbdfad69032913bb177428379ed137e.jpg,678,1024,validation
img_0465,data\raw\img_0465.jpg,16431,c2c99badba75ede1d3612cfbd7aee9aa.jpg,819,1024,validation
img_0466,data\raw\img_0466.jpg,10518,c085fb2b093eeb52041884c9ea51cc65.jpg,682,1024,validation
img_0467,data\raw\img_0467.jpg,15073,2e783ef225f6afd2c16ceac5482d955c.jpg,1024,682,validation
img_0468,data\raw\img_0468.jpg,20051,5a26b076ff580f5b9979ec8371483494.jpg,635,1024,validation
img_0469,data\raw\img_0469.jpg,20238,47a6e8d14d0e8c92f3759036b8541cf9.jpg,632,1024,validation
img_0470,data\raw\img_0470.jpg,11753,3421d3316a1b5e3e0eba67a600201806.jpg,682,1024,validation
img_0471,data\raw\img_0471.jpg,17591,f94d9c70da577d48906186b22cf7133d.jpg,682,1024,validation
img_0472,data\raw\img_0472.jpg,11171,a8769fb3b98cdcf3cfaef9dcd329a8d1.jpg,1024,683,validation
img_0473,data\raw\img_0473.jpg,9016,1dfe4eb7f1f6a38b6871f0f166d1f4e4.jpg,683,1024,validation
img_0474,data\raw\img_0474.jpg,10871,93689df6d05b8406fcf9083057344e3e.jpg,680,1024,validation
img_0475,data\raw\img_0475.jpg,8081,fad1a9c9583ecdcf383d47d322fbc53a.jpg,1024,683,validation
img_0476,data\raw\img_0476.jpg,15866,b56a57edff4230c68e1d4296cc345718.jpg,681,1024,validation
img_0477,data\raw\img_0477.jpg,18833,5446d1fd42c4c2baac5bc3ae647b2f7d.jpg,1024,725,validation
img_0478,data\raw\img_0478.jpg,11893,6ca502fc807f6f8e19ea48f1d88452a7.jpg,681,1024,validation
img_0479,data\raw\img_0479.jpg,19873,d2577921e35bba15a9a907544b492ec8.jpg,683,1024,validation
img_0480,data\raw\img_0480.jpg,12921,fa3e88c6a313433dd7884ce0abb5d27e.jpg,1024,1024,validation
img_0481,data\raw\img_0481.jpg,18538,9741b2e57b9b0156a12b4cd50a7b895e.jpg,682,1024,validation
img_0482,data\raw\img_0482.jpg,11996,b6b563c14cfb7911932d24d22ffe5041.jpg,768,1024,validation
img_0483,data\raw\img_0483.jpg,18890,05bf5bc41fc3f6e18507faac19298273.jpg,680,1024,validation
img_0484,data\raw\img_0484.jpg,18821,50ebf72d1294ac64c8ff95ba81d05be7.jpg,1024,682,validation
img_0485,data\raw\img_0485.jpg,18991,c080362228fa5ea2bd57f38ab6f950e2.jpg,682,1024,validation
img_0486,data\raw\img_0486.jpg,20569,2907c60baee70f30b349de950935bdd4.jpg,681,1024,validation
img_0487,data\raw\img_0487.jpg,9018,51e89e8be69cb38428e949cdfe811ff3.jpg,632,1024,validation
img_0488,data\raw\img_0488.jpg,16437,fb8c9b2e3aa874455182d777418321da.jpg,683,1024,validation
img_0489,data\raw\img_0489.jpg,16605,976f38b9efb4a6c8d089bdd2e1e5ab02.jpg,1024,683,validation
img_0490,data\raw\img_0490.jpg,20359,391df2b8f3a2f020392fd8d621a016c7.jpg,682,1024,validation
img_0491,data\raw\img_0491.jpg,16492,4872c05863d20208e9d4c59587261de2.jpg,684,1024,validation
img_0492,data\raw\img_0492.jpg,12683,1bf4967e0da8ced7325d1e27e90927f0.jpg,819,1024,validation
img_0493,data\raw\img_0493.jpg,9387,025c44ff30ea619abd1b1bb2df58bb8b.jpg,632,1024,validation
img_0494,data\raw\img_0494.jpg,16784,8bdb5ea143c004026146f13b79935ba7.jpg,682,1024,validation
img_0495,data\raw\img_0495.jpg,17128,cdd60a254cc0a2ad373d5b2cd32b0247.jpg,633,1024,validation
img_0496,data\raw\img_0496.jpg,9609,ab52c9490015a4b79249fe7076319b54.jpg,632,1024,validation
img_0497,data\raw\img_0497.jpg,12892,d3cf66e85e45aede8542d3c0d419b6ac.jpg,682,1024,validation
img_0498,data\raw\img_0498.jpg,10918,f21917ca7be65a544416cca0921a6e89.jpg,683,1024,validation
img_0499,data\raw\img_0499.jpg,9311,9a755d94e00922406ee34010fac8eec5.jpg,683,1024,validation
img_0500,data\raw\img_0500.jpg,13148,8c6c8abea5d5a128ca8834600b2aeddc.jpg,683,1024,validation
img_0501,data\raw\img_0501.jpg,15459,6d734ccae856df8a0bf85bb3f658bbbb.jpg,545,1024,validation
img_0502,data\raw\img_0502.jpg,11532,3745efe8958e34ca0e5dbab9362a68da.jpg,682,1024,validation
img_0503,data\raw\img_0503.jpg,9664,c5cbcc1459bb67f98ea6ef6e9b3311ab.jpg,687,1024,validation
img_0504,data\raw\img_0504.jpg,9425,2c0c4094e2c3988fd3be0146f2c2488f.jpg,683,1024,validation
img_0505,data\raw\img_0505.jpg,9234,08a58fc63f2d38be5419ad16e7ced303.jpg,1024,621,validation
img_0506,data\raw\img_0506.jpg,19021,590d516a191a9f1013976798dda97d36.jpg,1024,1024,validation
img_0507,data\raw\img_0507.jpg,11387,8623733272199d95726231fd6dcdc7bf.jpg,712,1024,validation
img_0508,data\raw\img_0508.jpg,12330,de3856d93bf781545f6453afbbeef077.jpg,632,1024,validation
img_0509,data\raw\img_0509.jpg,18791,b95dae1ed0c598a38d17906e9b27dabe.jpg,683,1024,validation
img_0510,data\raw\img_0510.jpg,19575,a4f806e6b45ed0ac339db298ee287b44.jpg,768,1024,validation
img_0511,data\raw\img_0511.jpg,19875,f89405533537dc196ae40e5ec36b2b08.jpg,682,1024,validation
img_0512,data\raw\img_0512.jpg,12197,d763f1b64e80e78559eb39998405ba64.jpg,1024,682,validation
img_0513,data\raw\img_0513.jpg,9087,474e72f6ba85af2fd401bcf4aebb7475.jpg,683,1024,validation
img_0514,data\raw\img_0514.jpg,10266,f43143d9807fbb2948474f68d8c6f550.jpg,682,1024,validation
img_0515,data\raw\img_0515.jpg,16243,a7cd14255a4b949380f8068a77e98a9a.jpg,1024,682,validation
img_0516,data\raw\img_0516.jpg,15812,657d7fe5de48897db7ceb4891853830e.jpg,680,1024,validation
img_0517,data\raw\img_0517.jpg,13318,923d9f0cbf8310c92e7949638ac59fdc.jpg,682,1024,validation
img_0518,data\raw\img_0518.jpg,9908,99182c4ad8ec61c657126e02fb09524b.jpg,682,1024,validation
img_0519,data\raw\img_0519.jpg,11073,5d2a983e1bcdce687150ce6115212283.jpg,1024,682,validation
img_0520,data\raw\img_0520.jpg,10128,17952d2e204c49ddd4fcd63eef60480c.jpg,683,1024,validation
img_0521,data\raw\img_0521.jpg,10937,1744183e925250327f807fdb15907f6a.jpg,632,1024,validation
img_0522,data\raw\img_0522.jpg,16599,216d717f1360e765cdc3e6d4321b2270.jpg,682,1024,validation
img_0523,data\raw\img_0523.jpg,11489,09c1c65c2b742a710bc736a8fe566d11.jpg,731,1024,validation
img_0524,data\raw\img_0524.jpg,17401,70eafbe28f1ce1a955c1acf2913ade0e.jpg,1024,682,validation
img_0525,data\raw\img_0525.jpg,18130,845197179e9ea35e1dd58144a1e03f36.jpg,632,1024,validation
img_0526,data\raw\img_0526.jpg,11467,dc04491259bc9802758a0ec781f3983c.jpg,683,1024,validation
img_0527,data\raw\img_0527.jpg,10716,1f1e21e9d1206809d4f20ef5e6d2ddef.jpg,682,1024,validation
img_0528,data\raw\img_0528.jpg,20590,552abb540dabe8fabad26affaf1e7916.jpg,682,1024,validation
img_0529,data\raw\img_0529.jpg,12554,eb20c87403d09323d402b3461afbdb0e.jpg,597,1024,validation
img_0530,data\raw\img_0530.jpg,15665,3053bb1873f4e80de9e7c5c912b98ae0.jpg,683,1024,validation
img_0531,data\raw\img_0531.jpg,15528,84a4f4463d6e730c24bc14c5db844e0f.jpg,688,1024,validation
img_0532,data\raw\img_0532.jpg,9591,0e9775fcd1a3b1d95aed773e684b3f49.jpg,681,1024,validation
img_0533,data\raw\img_0533.jpg,20362,ceda0fb843f97259cad42ea47d14fe48.jpg,682,1024,validation
img_0534,data\raw\img_0534.jpg,16187,6df68986984a942712bff893699d9167.jpg,679,1024,validation
img_0535,data\raw\img_0535.jpg,17869,ebb38e79797679a23f7959ebbe0337a0.jpg,680,1024,validation
img_0536,data\raw\img_0536.jpg,18328,0301f50a3cd73f13cd9e1125d8ef38bd.jpg,682,1024,validation
img_0537,data\raw\img_0537.jpg,10011,265a6f3aee35666b2f62752c49f6dd63.jpg,681,1024,validation
img_0538,data\raw\img_0538.jpg,15338,500b11585be57e3a6392ccca2b946872.jpg,683,1024,validation
img_0539,data\raw\img_0539.jpg,12798,473b84b26a91ed22e0c0584cab355068.jpg,681,1024,validation
img_0540,data\raw\img_0540.jpg,17402,8cca49fbcf6adea78b6fe875c06edf48.jpg,683,1024,validation
img_0541,data\raw\img_0541.jpg,17658,65cb75a24d64e835888e2824b1baaacc.jpg,1024,683,validation
img_0542,data\raw\img_0542.jpg,9223,33a3fc04da3b454d27f5fdc5e8bb0f53.jpg,1024,1024,validation
img_0543,data\raw\img_0543.jpg,16105,7edab506f7628da58ac683b6b9554d2d.jpg,683,1024,validation
img_0544,data\raw\img_0544.jpg,11287,07729e318fa891baba6eb212220b95a6.jpg,1024,680,validation
img_0545,data\raw\img_0545.jpg,10542,caa7c7b751d4acf2ef5a8aaf1896d3f0.jpg,683,1024,validation
img_0546,data\raw\img_0546.jpg,17048,8cd47ea6b100369f44879e44ba5950c7.jpg,1024,682,validation
img_0547,data\raw\img_0547.jpg,19179,2adffb322a52bb5e4111ff76b9883f36.jpg,683,1024,validation
img_0548,data\raw\img_0548.jpg,11041,4c796269b7c4578353de5be59efbb9f9.jpg,681,1024,validation
img_0549,data\raw\img_0549.jpg,10118,6c5f2d5942192613d0e6e6340859e326.jpg,683,1024,validation
img_0550,data\raw\img_0550.jpg,13045,ad5d1fdf507a2775c8dd01f336f29ddf.jpg,677,1024,validation
img_0551,data\raw\img_0551.jpg,9573,3847d09a2d4cd130c008c60fdd7832a1.jpg,682,1024,validation
img_0552,data\raw\img_0552.jpg,12009,4258a57f9ae2b08fe1783858ff936596.jpg,1024,785,validation
img_0553,data\raw\img_0553.jpg,19391,9be97731b91f50cb1fabfa8d6d1bf441.jpg,730,1024,validation
img_0554,data\raw\img_0554.jpg,17610,ef9dae290756a8dbcb1cde404da00a1a.jpg,681,1024,validation
img_0555,data\raw\img_0555.jpg,15743,c1df3b91dde14c0937a259345d5c7ca7.jpg,683,1024,validation
img_0556,data\raw\img_0556.jpg,18709,2f7129e13432dae85d1378fffaae0a75.jpg,1024,682,validation
img_0557,data\raw\img_0557.jpg,16504,8937a7dafd3f090901d5bda9aee1ccca.jpg,633,1024,validation
img_0558,data\raw\img_0558.jpg,12543,42bd52d3882424b80d61a7e4f27f2529.jpg,632,1024,validation
img_0559,data\raw\img_0559.jpg,17813,4e872a7fcd5c125164305d750c8688b6.jpg,664,1024,validation
img_0560,data\raw\img_0560.jpg,18332,a62022b349b66f249a0ffbc07f9aa013.jpg,680,1024,validation
img_0561,data\raw\img_0561.jpg,12478,80206b9ade4e359369a5b9c6bbdf4321.jpg,682,1024,validation
img_0562,data\raw\img_0562.jpg,12273,f580bd3f0c42ec8305884c8a19c7a0d1.jpg,682,1024,validation
img_0563,data\raw\img_0563.jpg,12174,7b66a70eae5ccb7bf914f674b7153c5b.jpg,680,1024,validation
img_0564,data\raw\img_0564.jpg,18668,e3f702de1a68d8039e2020cbcf7575d2.jpg,683,1024,validation
img_0565,data\raw\img_0565.jpg,14983,c2d80480b743d45143725a5c223c16d9.jpg,682,1024,validation
img_0566,data\raw\img_0566.jpg,10145,2dfddd4c026c5dfbcf2556557e6290cc.jpg,683,1024,validation
img_0567,data\raw\img_0567.jpg,16117,368ff65f97b6488254686dcb4ed7196e.jpg,680,1024,validation
img_0568,data\raw\img_0568.jpg,19480,317eb8142316b0f17e44fbbb5a8f3667.jpg,683,1024,validation
img_0569,data\raw\img_0569.jpg,11717,2ad4ef98177e257b8d57cdfa8e421bde.jpg,682,1024,validation
img_0570,data\raw\img_0570.jpg,20052,1dc3829659f97c1cff867ef710ece470.jpg,682,1024,validation
img_0571,data\raw\img_0571.jpg,20290,f24b318fd05a1bc7099f0bd83dce9a90.jpg,680,1024,validation
img_0572,data\raw\img_0572.jpg,12257,14ce620645bc27f4710e2141432e7139.jpg,679,1024,validation
img_0573,data\raw\img_0573.jpg,16283,e6468d04328e93755f40b49190b3f801.jpg,1024,680,validation
img_0574,data\raw\img_0574.jpg,20310,15b762ffae2204c3554787051c72670a.jpg,806,1024,validation
img_0575,data\raw\img_0575.jpg,9048,9245bd10e67b50de43ec468e89b5a9b3.jpg,682,1024,validation
img_0576,data\raw\img_0576.jpg,10029,a5ec3cfe2bc9cfb48dea272edef4adeb.jpg,680,1024,validation
img_0577,data\raw\img_0577.jpg,12855,888ce4d1599f17c5b16537b13bad7fc3.jpg,1024,681,validation
img_0578,data\raw\img_0578.jpg,18165,7d9a766f0de2a8aab3004ac1bee9768f.jpg,683,1024,validation
img_0579,data\raw\img_0579.jpg,10764,841690826ff84fb6ca2f6ed238a6be77.jpg,631,1024,validation
img_0580,data\raw\img_0580.jpg,10596,05df3749007ec999df0176b9db7c23e3.jpg,683,1024,validation
img_0581,data\raw\img_0581.jpg,18184,7e0ecb32e5d2a65ad101c8e8a0dc5e7d.jpg,772,1024,validation
img_0582,data\raw\img_0582.jpg,19670,7fbd864b06b76fda165ca6d60c5cf879.jpg,681,1024,validation
img_0583,data\raw\img_0583.jpg,19656,5c0eaf59c2eaf693980708f24a6b818a.jpg,682,1024,validation
img_0584,data\raw\img_0584.jpg,20056,923f3b3e01d45b726bc4da95adab9e08.jpg,682,1024,validation
img_0585,data\raw\img_0585.jpg,13083,25e92d53394ac92b6b9edbbfe7cb0e1e.jpg,615,1024,validation
img_0586,data\raw\img_0586.jpg,19215,296dee66e4ef01a6453434cdd7062b25.jpg,632,1024,validation
img_0587,data\raw\img_0587.jpg,9032,0483fc73ee89d2e8c4b63aeb3af0542c.jpg,682,1024,validation
img_0588,data\raw\img_0588.jpg,11178,eba510e63e2da4c37277cec25cbd9772.jpg,681,1024,validation
img_0589,data\raw\img_0589.jpg,18975,cf7bd43e4005602bc0ba4e2b5763e3a0.jpg,678,1024,validation
img_0590,data\raw\img_0590.jpg,13173,e19d3c4f0e47e23f9f5021b62ac3e07e.jpg,605,1024,validation
img_0591,data\raw\img_0591.jpg,10613,de200aec795d128d7f09ac8e80368058.jpg,682,1024,validation
img_0592,data\raw\img_0592.jpg,19681,bcb708e46152e97a939f51acde40bfbe.jpg,681,1024,validation
img_0593,data\raw\img_0593.jpg,20506,4caf9a623b8931bf6b2f6107af4381fb.jpg,662,1024,validation
img_0594,data\raw\img_0594.jpg,12720,3d2fa82ba639b9d0c3f223ce1d6222fc.jpg,682,1024,validation
img_0595,data\raw\img_0595.jpg,12842,069223d02dcbfbe69af905daeb7fae26.jpg,682,1024,validation
img_0596,data\raw\img_0596.jpg,11902,f4c8049f436b7edcb26c01d3219e14c2.jpg,682,1024,validation
img_0597,data\raw\img_0597.jpg,8947,dd8239e8b7b5f3c9b86babc9754cf4a5.jpg,1024,680,validation
img_0598,data\raw\img_0598.jpg,18831,1e0e966a4adcdb640396d54816534876.jpg,680,1024,validation
img_0599,data\raw\img_0599.jpg,15384,517a8397f4b67050adbbb77fc38d94f3.jpg,1024,680,validation
img_0600,data\raw\img_0600.jpg,17566,629df21f84ffc47d37ab1e3818dfad7a.jpg,1024,768,validation
img_0601,data\raw\img_0601.jpg,10776,219e070fdf1a306f0f229db82cd46c5c.jpg,1024,682,validation
img_0602,data\raw\img_0602.jpg,15604,3c2ec192793fd46391289d2ba4527c09.jpg,683,1024,validation
img_0603,data\raw\img_0603.jpg,20597,381c2a1a91bfd7966a5b50ca82706ddf.jpg,683,1024,validation
img_0604,data\raw\img_0604.jpg,11321,ad4eba200ce58dc412e938f25d2d3098.jpg,1024,681,validation
img_0605,data\raw\img_0605.jpg,18562,a4222aa94c4ed6f7e3a36f553505249b.jpg,1024,680,validation
img_0606,data\raw\img_0606.jpg,17910,cd30c3a3d2eae0659013f8e27938c805.jpg,1024,683,validation
img_0607,data\raw\img_0607.jpg,11419,cbe421f0f567af8dc6dee22ae239e846.jpg,683,1024,validation
img_0608,data\raw\img_0608.jpg,11807,d15a9ee27ee2180fee5ba2447d6c7939.jpg,1024,1024,validation
img_0609,data\raw\img_0609.jpg,10362,8f378da3d84b17ec5740d5531f38f089.jpg,759,1024,validation
img_0610,data\raw\img_0610.jpg,13011,73b8457583eb2fc453caef8b8307bff9.jpg,629,1024,validation
img_0611,data\raw\img_0611.jpg,18247,aa436971de7a39708edbc4d5e9e969cc.jpg,680,1024,validation
img_0612,data\raw\img_0612.jpg,9988,30f78c0b40e3a0cdcd7274a7af53f2ce.jpg,633,1024,validation
img_0613,data\raw\img_0613.jpg,15185,dad3059af72872890ea3be6112567861.jpg,1024,683,validation
img_0614,data\raw\img_0614.jpg,11815,f180b6c2e6e17ad27fe3b30f37612b54.jpg,682,1024,validation
img_0615,data\raw\img_0615.jpg,13428,809906ce0fd1e001d613c9b13e7e8a4e.jpg,682,1024,validation
img_0616,data\raw\img_0616.jpg,10602,3c9745ee71fdc72c43f9baec5f9e27f0.jpg,683,1024,validation
img_0617,data\raw\img_0617.jpg,12054,d4753f6c9f7c2f0efb5c33486ba2bd98.jpg,819,1024,validation
img_0618,data\raw\img_0618.jpg,10160,68d6747a3e74f059dddb6d75f624f21c.jpg,768,1024,validation
img_0619,data\raw\img_0619.jpg,20170,cf9ee579dfff83db95d3ad350557245a.jpg,1024,731,validation
img_0620,data\raw\img_0620.jpg,9390,0b915f1e29a2e2dacf96aacd3cb6a3cc.jpg,1024,683,validation
img_0621,data\raw\img_0621.jpg,13297,e14733841b04c64e75789a91fbe549b3.jpg,771,1024,validation
img_0622,data\raw\img_0622.jpg,13260,abe7f00720ada9f255b8d1355579dc0e.jpg,682,1024,validation
img_0623,data\raw\img_0623.jpg,19097,112a9c9b9c7a97f3f632b2ec7fd064e5.jpg,682,1024,validation
img_0624,data\raw\img_0624.jpg,15871,6729287d748766fc0730d981cc3e2b26.jpg,682,1024,validation
img_0625,data\raw\img_0625.jpg,12829,18b2f32e876170304b2b6860ae127ba5.jpg,682,1024,validation
img_0626,data\raw\img_0626.jpg,15785,08ce85240ea476099fa8e4528b4b8e23.jpg,682,1024,validation
img_0627,data\raw\img_0627.jpg,16619,0b3e3fbcd4ba937b59837f20e2f0888a.jpg,683,1024,validation
img_0628,data\raw\img_0628.jpg,10471,9c09e13e8d3b85d10cbdf08277af395e.jpg,682,1024,validation
img_0629,data\raw\img_0629.jpg,18075,85b908aa7e3e26a871fd720919fa2a38.jpg,508,1024,validation
img_0630,data\raw\img_0630.jpg,19120,5f5e8dd2003101a233a31bfc1b940085.jpg,683,1024,validation
img_0631,data\raw\img_0631.jpg,17689,7c3c0cd188f831a4533f8aa2f5902b64.jpg,633,1024,validation
img_0632,data\raw\img_0632.jpg,15559,0d8803f0181d1d5e0b8d55d886a40c3d.jpg,1024,819,validation
img_0633,data\raw\img_0633.jpg,17333,7e99694263e60924945921f8ea6b3671.jpg,679,1024,validation
img_0634,data\raw\img_0634.jpg,19764,31140648986fc92f80f858c6b2b59304.jpg,633,1024,validation
img_0635,data\raw\img_0635.jpg,19825,838933e4c25036538e2051f23155eb4d.jpg,682,1024,validation
img_0636,data\raw\img_0636.jpg,10905,6b6582dc900f463d0fc31a95c3fbeb49.jpg,768,1024,validation
img_0637,data\raw\img_0637.jpg,16343,deab9c33ce187b69cff3e1b226ddd8ac.jpg,580,1024,validation
img_0638,data\raw\img_0638.jpg,11604,6be62b6a8b3259257de85786c5fd4b76.jpg,1024,683,validation
img_0639,data\raw\img_0639.jpg,9394,7bc3b6a20add1e0aae70f881dd37a2c2.jpg,1024,680,validation
img_0640,data\raw\img_0640.jpg,10650,24de14c8095366da2ad9da3d0f8f827c.jpg,1024,683,validation
img_0641,data\raw\img_0641.jpg,16275,16b7202138bdbb600ee49eadfe63f5f6.jpg,682,1024,validation
img_0642,data\raw\img_0642.jpg,12806,410cd8277df1be20360c734a7b0ebe01.jpg,811,1024,validation
img_0643,data\raw\img_0643.jpg,18183,de699dedf1aade91f713ea59f187f74f.jpg,682,1024,validation
img_0644,data\raw\img_0644.jpg,13317,d1e9977c8d5b658292c8be4aa054af35.jpg,680,1024,validation
img_0645,data\raw\img_0645.jpg,19700,a93069c5bcf17729bce9cab2513a3f67.jpg,681,1024,validation
img_0646,data\raw\img_0646.jpg,12101,ee99633086f0bb34fa10d1cc1509e80f.jpg,678,1024,validation
img_0647,data\raw\img_0647.jpg,16932,ce25fc2ea56c29c024e96686099373b5.jpg,1024,680,validation
img_0648,data\raw\img_0648.jpg,12719,e778753e5302e8047fdddb88aeed0c37.jpg,1024,791,validation
img_0649,data\raw\img_0649.jpg,19441,32a9113ae978781167bebd03f8c61438.jpg,632,1024,validation
img_0650,data\raw\img_0650.jpg,18337,8595caaaab337a576a90e7676f192f63.jpg,735,1024,validation
img_0651,data\raw\img_0651.jpg,16722,d8b36f1be818f71a0ab4224b829c1210.jpg,682,1024,validation
img_0652,data\raw\img_0652.jpg,19945,2f103ab523c1808e842eead692ec5c40.jpg,823,1024,validation
img_0653,data\raw\img_0653.jpg,10215,ebe0b32ae754c3f79cc6f7d35498a5ad.jpg,683,1024,validation
img_0654,data\raw\img_0654.jpg,20531,bbd80ae0b10ae91b4f1f900484d36e8a.jpg,632,1024,validation
img_0655,data\raw\img_0655.jpg,16027,f0ac4ba410f7dd70272184ff5fe4b5ce.jpg,682,1024,validation
img_0656,data\raw\img_0656.jpg,10230,0ff1ad48b959df32af38f42cef26d361.jpg,683,1024,validation
img_0657,data\raw\img_0657.jpg,10544,75850809cabb412eb28ff5b9c732cc5e.jpg,682,1024,validation
img_0658,data\raw\img_0658.jpg,15602,e62cfb6d44074f383e700cd57554431a.jpg,683,1024,validation
img_0659,data\raw\img_0659.jpg,10525,88ed99e20253c0c56a6d70c8664d32ed.jpg,682,1024,validation
img_0660,data\raw\img_0660.jpg,17600,26759016fd26e02207463675219f7fef.jpg,682,1024,validation
img_0661,data\raw\img_0661.jpg,18418,c035ab1c7504b8e89f22f3b2f06abec4.jpg,1024,683,validation
img_0662,data\raw\img_0662.jpg,13390,0548e689638d1e559179b34bc895b72f.jpg,682,1024,validation
img_0663,data\raw\img_0663.jpg,11658,2a2d4fb6f4a74ccbef9eb5410859cea8.jpg,683,1024,validation
img_0664,data\raw\img_0664.jpg,11800,b1a6657a8d2f74010b28d8a9d47be111.jpg,680,1024,validation
img_0665,data\raw\img_0665.jpg,12525,589d99e66e07d67bc0382fba2b95e426.jpg,682,1024,validation
img_0666,data\raw\img_0666.jpg,11240,490173ee33906243fa6610556d755c31.jpg,680,1024,validation
img_0667,data\raw\img_0667.jpg,9764,9ce7b758976ec102f8c3ec502e523969.jpg,683,1024,validation
img_0668,data\raw\img_0668.jpg,10667,0e5ecf98835cbd0dddd1b45c788005c3.jpg,673,1024,validation
img_0669,data\raw\img_0669.jpg,16320,d2eb58326f2ae516be70ba3132c4fd59.jpg,597,1024,validation
img_0670,data\raw\img_0670.jpg,11524,e6e27f124b9b48926ea89258538f2cef.jpg,1024,683,validation
img_0671,data\raw\img_0671.jpg,17039,99601fa457d157b81154d089966c2e3a.jpg,1024,682,validation
img_0672,data\raw\img_0672.jpg,10206,fffea54b50ac7e4bf24688c8614a5f27.jpg,679,1024,validation
img_0673,data\raw\img_0673.jpg,11925,f64abd043fc1cbeda3ef97b762a4092f.jpg,650,1024,validation
img_0674,data\raw\img_0674.jpg,17529,320930dcc25cc8552bba966eff2d06c4.jpg,682,1024,validation
img_0675,data\raw\img_0675.jpg,17655,016247873d36ee0ea830a3827107d52c.jpg,680,1024,validation
img_0676,data\raw\img_0676.jpg,17714,17ee456175e872cf0dea3dee46e06568.jpg,683,1024,validation
img_0677,data\raw\img_0677.jpg,14452,07ca8557b287c88d68ad06b4fe42776b.jpg,682,1024,validation
img_0678,data\raw\img_0678.jpg,17968,dcbbdfd8befcde17f00c35877fb20277.jpg,682,1024,validation
img_0679,data\raw\img_0679.jpg,19326,6096b12d8fc996b65b4b9947b18502ca.jpg,633,1024,validation
img_0680,data\raw\img_0680.jpg,16687,6499b518ea551522410fc199dc73a159.jpg,681,1024,validation
img_0681,data\raw\img_0681.jpg,18159,a89e8cd2564a7e5050c8aa5c5c24c18d.jpg,682,1024,validation
img_0682,data\raw\img_0682.jpg,18516,54c1a7bfcfd8d0c31311a061ee5a0f8c.jpg,682,1024,validation
img_0683,data\raw\img_0683.jpg,16629,05ac586e0bd29fdf12a9506bf05b280b.jpg,702,1024,validation
img_0684,data\raw\img_0684.jpg,19826,2310f7efadf3407b64a2a4532a1d2ee7.jpg,683,1024,validation
img_0685,data\raw\img_0685.jpg,16186,0a45b6b033bf0077a15f484e98f3dbfe.jpg,621,1024,validation
img_0686,data\raw\img_0686.jpg,17443,123318217b814f567b34b30bc843680f.jpg,682,1024,validation
img_0687,data\raw\img_0687.jpg,19824,84fae07c92d39a7347fadf145330f4bc.jpg,767,1024,validation
img_0688,data\raw\img_0688.jpg,19845,d5c1ce96e0780de7d0255958db531baf.jpg,1024,683,validation
img_0689,data\raw\img_0689.jpg,17050,afb8182ab6475db9830b0afafb442f55.jpg,1024,1024,validation
img_0690,data\raw\img_0690.jpg,11446,3b0e3da1465e802b7855e4c532638e7e.jpg,682,1024,validation
img_0691,data\raw\img_0691.jpg,11064,b0ff6edc573ce8ec7e28b608c668a19d.jpg,678,1024,validation
img_0692,data\raw\img_0692.jpg,13483,05af199570c00b817102c3cb6834a6e4.jpg,682,1024,validation
img_0693,data\raw\img_0693.jpg,10000,5a45019f91a09b34caad0730b77f281d.jpg,1024,1024,validation
img_0694,data\raw\img_0694.jpg,15276,88383c53ef2404f1596e41e45ebe5ddd.jpg,683,1024,validation
img_0695,data\raw\img_0695.jpg,16743,dd5a9faddbee8afb6adc6c741da8c914.jpg,682,1024,validation
img_0696,data\raw\img_0696.jpg,14394,b3727cc1c8c81af2822bc1750c6d7b74.jpg,680,1024,validation
img_0697,data\raw\img_0697.jpg,19247,856299572eafa93c80b15e6587779553.jpg,682,1024,validation
img_0698,data\raw\img_0698.jpg,18936,1639f0d883677382b8d728af247c834a.jpg,678,1024,validation
img_0699,data\raw\img_0699.jpg,20204,d992775287c798c35aa862953d8e064d.jpg,817,1024,validation
img_0700,data\raw\img_0700.jpg,11264,227a61b64bca65ba3a3247a253d05fb1.jpg,1024,618,validation
img_0701,data\raw\img_0701.jpg,20712,bfabcacd46568489e6ae0d4952ecccf9.jpg,682,1024,validation
img_0702,data\raw\img_0702.jpg,20490,3dda4e48dc4aaf7cb08016c5ae77a8fb.jpg,1024,682,validation
img_0703,data\raw\img_0703.jpg,20315,f417b7fde41f52411bd9b4eca0e65db4.jpg,681,1024,validation
img_0704,data\raw\img_0704.jpg,17962,77435fc234059dcb9e0bb3d73382bcc7.jpg,1024,813,validation
img_0705,data\raw\img_0705.jpg,16065,ca2e0ac1b45a396c7040b135deff7d66.jpg,682,1024,validation
img_0706,data\raw\img_0706.jpg,17240,b00ba458be2f204c127cbd76d7410a84.jpg,682,1024,validation
img_0707,data\raw\img_0707.jpg,10202,2cf2e1a28edab787da3816136528c1aa.jpg,682,1024,validation
img_0708,data\raw\img_0708.jpg,19223,55cd7f4f81847745f62b4bc59df3df1f.jpg,683,1024,validation
img_0709,data\raw\img_0709.jpg,15431,4e989be425f62825e162da25987cd683.jpg,633,1024,validation
img_0710,data\raw\img_0710.jpg,18638,c7154df1a2a7d442ba4a2f9579622a31.jpg,683,1024,validation
img_0711,data\raw\img_0711.jpg,12291,cf0a241235163a9a66e5e27ee3e02674.jpg,497,1024,validation
img_0712,data\raw\img_0712.jpg,15870,734203a8661cedf46872cb8f86998fe7.jpg,680,1024,validation
img_0713,data\raw\img_0713.jpg,17312,563f37df673fa80cfc369fbcf4a9869a.jpg,680,1024,validation
img_0714,data\raw\img_0714.jpg,17290,8b5635d5a5331e26d0e5135a068976ee.jpg,682,1024,validation
img_0715,data\raw\img_0715.jpg,16056,e772cd6c7cfa25d259f5979012dcf71d.jpg,682,1024,validation
img_0716,data\raw\img_0716.jpg,9142,7f711b75dbc5b87fa5e6e3e0a9622132.jpg,680,1024,validation
img_0717,data\raw\img_0717.jpg,11127,00a325fd4dc22079095ab46330abf7be.jpg,681,1024,validation
img_0718,data\raw\img_0718.jpg,15351,d7054d8a639b2385be571b5795d183cb.jpg,683,1024,validation
img_0719,data\raw\img_0719.jpg,19659,eda89dd86ee5917472dca45f33a70d08.jpg,1024,668,validation
img_0720,data\raw\img_0720.jpg,9953,8eacc19c92ca15c7d79d66bfb2626fe7.jpg,684,1024,validation
img_0721,data\raw\img_0721.jpg,11696,e18e46ee82d41e1a8bad90e817212331.jpg,1024,1024,validation
img_0722,data\raw\img_0722.jpg,15619,8f691c0c5426690c44b91691db150c9c.jpg,1024,681,validation
img_0723,data\raw\img_0723.jpg,12823,d683721cb2d79128cdb41958953d67c3.jpg,682,1024,validation
img_0724,data\raw\img_0724.jpg,10181,520460a9bf6b8159ae2f7dea934ce10e.jpg,683,1024,validation
img_0725,data\raw\img_0725.jpg,16101,e91677348e11b75ee3ccdb9c8fd78032.jpg,682,1024,validation
img_0726,data\raw\img_0726.jpg,9619,25d405f31851734c949c85172cd41f5b.jpg,1024,668,validation
img_0727,data\raw\img_0727.jpg,9250,ac04434c447d537b797dcef55ad597a5.jpg,683,1024,validation
img_0728,data\raw\img_0728.jpg,12275,0f68960d855adfe019da1d4480770b17.jpg,683,1024,validation
img_0729,data\raw\img_0729.jpg,13203,7721da0f16c96201bd7c4369507b734d.jpg,532,1024,validation
img_0730,data\raw\img_0730.jpg,20256,a95fbf0046baf4bb406f4f9e27a70454.jpg,683,1024,validation
img_0731,data\raw\img_0731.jpg,17791,38ce0a95a84489c35fc8f5e145205584.jpg,682,1024,validation
img_0732,data\raw\img_0732.jpg,11967,cdd175f26ac87c01ec64fb2f02268654.jpg,683,1024,validation
img_0733,data\raw\img_0733.jpg,18038,5e9bc1602c42a055f7e8626fc23776a8.jpg,683,1024,validation
img_0734,data\raw\img_0734.jpg,11070,a92c830ce1c63bd3db9624337ce94c0a.jpg,683,1024,validation
img_0735,data\raw\img_0735.jpg,10818,e16c97099cd36459890698e521dff229.jpg,633,1024,validation
img_0736,data\raw\img_0736.jpg,15815,b57c1abdc520418a85d2c94514304670.jpg,677,1024,validation
img_0737,data\raw\img_0737.jpg,20331,201a00e2624e8befe10480933714e626.jpg,682,1024,validation
img_0738,data\raw\img_0738.jpg,12548,dec4eb572fb1895c9e33373bfc1335b1.jpg,1024,682,validation
img_0739,data\raw\img_0739.jpg,16249,240bd00f12d515296843b780abb6ffc7.jpg,682,1024,validation
img_0740,data\raw\img_0740.jpg,9246,81bff1603220ce6e7c218913df9cb8f9.jpg,682,1024,validation
img_0741,data\raw\img_0741.jpg,18771,201ed1164d3ebb6acaa419e5f8328368.jpg,1024,665,validation
img_0742,data\raw\img_0742.jpg,16489,3e57b446b927f69e56d46f3e5db68b37.jpg,682,1024,validation
img_0743,data\raw\img_0743.jpg,12183,3ae36909e5aa4ad018b2601797debf94.jpg,682,1024,validation
img_0744,data\raw\img_0744.jpg,13599,d456b51deebc83e01cfef985d05e063e.jpg,904,1024,validation
img_0745,data\raw\img_0745.jpg,16668,041a6b43ed7ddfa1ec6040d27e5ce9a8.jpg,680,1024,validation
img_0746,data\raw\img_0746.jpg,10775,941fb0eae1c264c3b18aa7161929a4d8.jpg,1024,682,validation
img_0747,data\raw\img_0747.jpg,9468,32e566cd7c0388f44f1a09e10e2ac96c.jpg,1024,682,validation
img_0748,data\raw\img_0748.jpg,18034,c0e497b92b65779f0c2491827d3e0060.jpg,1024,682,validation
img_0749,data\raw\img_0749.jpg,15349,bf916c006f8adb3c0a45b5a7bfe4d782.jpg,682,1024,validation
img_0750,data\raw\img_0750.jpg,9566,611939b9f3ac6aba96c64026edc11575.jpg,683,1024,validation
img_0751,data\raw\img_0751.jpg,23348,f19900e56c52d4736c9ddf371d9181cc.jpg,632,1024,validation
img_0752,data\raw\img_0752.jpg,18704,3be4a0ddad745d76116775dbb474cd3f.jpg,1024,582,validation
img_0753,data\raw\img_0753.jpg,13968,05bfc7156bc37ce44207ca814f1b3737.jpg,1024,674,validation
img_0754,data\raw\img_0754.jpg,16110,614e7297f89c14e73b691d7f76ed77f4.jpg,683,1024,validation
img_0755,data\raw\img_0755.jpg,15686,3990300351c44307a56a9263b1d9f346.jpg,682,1024,validation
img_0756,data\raw\img_0756.jpg,9104,09675496409c85adc6deba11277050e8.jpg,682,1024,validation
img_0757,data\raw\img_0757.jpg,9553,e1c633bb82c74fbfc7504a7186c97751.jpg,680,1024,validation
img_0758,data\raw\img_0758.jpg,18208,c9d696c1abd41188c49b0a88ed46161e.jpg,680,1024,validation
img_0759,data\raw\img_0759.jpg,17734,d820769755b90d8b834942d3f87a0439.jpg,682,1024,validation
img_0760,data\raw\img_0760.jpg,15593,138d25e69ff93fda0643ced2fa7feafb.jpg,688,1024,validation
img_0761,data\raw\img_0761.jpg,15407,f34e07c4b4f56e31d7ccc19ad83de29b.jpg,818,1024,validation
img_0762,data\raw\img_0762.jpg,15089,4454d33644695b5b14cffba84ceb8066.jpg,553,1024,validation
img_0763,data\raw\img_0763.jpg,17396,8e13b4bba964e3d1fc2eba6e30975f06.jpg,1024,682,validation
img_0764,data\raw\img_0764.jpg,13581,0a563d036018e91cd9b5899adb50ec18.jpg,683,1024,validation
img_0765,data\raw\img_0765.jpg,18395,1050585bd1104969bc175e8bcdfd5311.jpg,683,1024,validation
img_0766,data\raw\img_0766.jpg,10384,386af7262a1ec8cf29374bbdba381018.jpg,682,1024,validation
img_0767,data\raw\img_0767.jpg,15687,466e69961de78100fddae84c64fbf542.jpg,682,1024,validation
img_0768,data\raw\img_0768.jpg,19898,89f6e3ad94e5493906b4f3d0e16bdae1.jpg,682,1024,validation
img_0769,data\raw\img_0769.jpg,16824,9cfc91967c94eeb7e8a6db3e59f28d7f.jpg,682,1024,validation
img_0770,data\raw\img_0770.jpg,10658,433bb776098fe3e3dbf85874bb97e06f.jpg,682,1024,validation
img_0771,data\raw\img_0771.jpg,17880,88baae46c4883251a3430a88966aca9a.jpg,683,1024,validation
img_0772,data\raw\img_0772.jpg,9154,4ba624616f54007236995b5ed5d330e2.jpg,682,1024,validation
img_0773,data\raw\img_0773.jpg,9530,480a63a89fa67f75333ac3e2ec709fde.jpg,1024,680,validation
img_0774,data\raw\img_0774.jpg,12873,5285f0cc22e6b24ebf7597921f1e792f.jpg,1024,1024,validation
img_0775,data\raw\img_0775.jpg,11336,66944533f2aa560438fb0b83b33aa106.jpg,1024,1024,validation
img_0776,data\raw\img_0776.jpg,12605,a9241e7a983feabc10d4c1e548e9b286.jpg,678,1024,validation
img_0777,data\raw\img_0777.jpg,17121,263b6dd877a80699f43aef905d7ea37e.jpg,682,1024,validation
img_0778,data\raw\img_0778.jpg,19905,04f6e414deea516f05612aa595c7a65e.jpg,682,1024,validation
img_0779,data\raw\img_0779.jpg,16508,db754979155507a6528eeb152a0adaf9.jpg,682,1024,validation
img_0780,data\raw\img_0780.jpg,18369,6b4ee84a44b076120d58c0ebb74f313a.jpg,694,1024,validation
img_0781,data\raw\img_0781.jpg,20195,43b336366b1c4d87732c522242f7e966.jpg,681,1024,validation
img_0782,data\raw\img_0782.jpg,9406,a0aedf945aef6f2eb6578dd749e92545.jpg,683,1024,validation
img_0783,data\raw\img_0783.jpg,20214,bedd4c227a48bc3f89431058fa77c82b.jpg,683,1024,validation
img_0784,data\raw\img_0784.jpg,17845,b24d298f9856f105bb3f3bb645b59dd9.jpg,682,1024,validation
img_0785,data\raw\img_0785.jpg,11609,8d81e4ca92e63119e1ed5dacdddc0430.jpg,1024,682,validation
img_0786,data\raw\img_0786.jpg,13093,3696956aa43b2641bdb8ee6fd0ea213f.jpg,632,1024,validation
img_0787,data\raw\img_0787.jpg,9922,004e9e21cd1aca568a8ffc77a54638ce.jpg,682,1024,validation
img_0788,data\raw\img_0788.jpg,19068,de92afe62c9c4670a48c6c3e43440323.jpg,1024,682,validation
img_0789,data\raw\img_0789.jpg,18758,27023eed1274dd51e91924ea631b1ab1.jpg,1024,683,validation
img_0790,data\raw\img_0790.jpg,14102,db85f62492da69d793339b2c124e7abb.jpg,652,1024,validation
img_0791,data\raw\img_0791.jpg,18518,f4ffe227f128ce8aa508f300c03966b7.jpg,684,1024,validation
img_0792,data\raw\img_0792.jpg,18374,8f9f0279df604ce012c8a9d454ab430f.jpg,1024,682,validation
img_0793,data\raw\img_0793.jpg,17861,f8a4762ebff45ddd567bdb9dbb41d0b6.jpg,681,1024,validation
img_0794,data\raw\img_0794.jpg,11794,f8862ca9c428cccb7ad26b9f0ab16603.jpg,654,1024,validation
img_0795,data\raw\img_0795.jpg,12903,ad1a3b0fb188342ec29f22275b434f04.jpg,682,1024,validation
img_0796,data\raw\img_0796.jpg,13039,fc7ddf414e15c6b180b53e376e5622f3.jpg,1024,680,validation
img_0797,data\raw\img_0797.jpg,15231,2a191fe07d0c2f63c5192d7effcec0c1.jpg,683,1024,validation
img_0798,data\raw\img_0798.jpg,10912,5e9318c2b27f4b6894a5f98f92845bd8.jpg,683,1024,validation
img_0799,data\raw\img_0799.jpg,9672,2e279590988cb29535739095a188cd0b.jpg,684,1024,validation
img_0800,data\raw\img_0800.jpg,20430,56de0257f498e65810f31c1bba98b058.jpg,1024,682,validation
img_0801,data\raw\img_0801.jpg,18531,bc6426e3f3df37ba4b2a84b808c20152.jpg,683,1024,validation
img_0802,data\raw\img_0802.jpg,16058,99e98d14f5c0dcc16a0fd5f3016a7a45.jpg,633,1024,validation
img_0803,data\raw\img_0803.jpg,11791,ecb9073d265f18598c61f21d10098339.jpg,678,1024,validation
img_0804,data\raw\img_0804.jpg,6410,c201083bb1f8b26dba075f380aa799bc.jpg,682,1024,validation
img_0805,data\raw\img_0805.jpg,19811,2ed6ea0b7ce46f8d5fc6608776152d5d.jpg,681,1024,validation
img_0806,data\raw\img_0806.jpg,20455,70b7d4241e6f6c096e856561174cffe4.jpg,527,1024,validation
img_0807,data\raw\img_0807.jpg,11381,aa95964ff3b249168fcda1504434d04b.jpg,679,1024,validation
img_0808,data\raw\img_0808.jpg,15978,02916664cd606bb5486353f200a475a3.jpg,678,1024,validation
img_0809,data\raw\img_0809.jpg,11351,15b3536fd4cd5f7c40b1ef1a611402e5.jpg,660,1024,validation
img_0810,data\raw\img_0810.jpg,15568,05d26dad11c6bca43d37df0c16d91bc9.jpg,632,1024,validation
img_0811,data\raw\img_0811.jpg,17759,6612b7476f511c5cd1eb1086f2b7ba39.jpg,680,1024,validation
img_0812,data\raw\img_0812.jpg,17131,e1f4adf88b71b15a4aaa6a32c6fa0d4a.jpg,682,1024,validation
img_0813,data\raw\img_0813.jpg,11895,f79f1d0fc8dfae388e8a1887623228ea.jpg,1024,682,validation
img_0814,data\raw\img_0814.jpg,11437,f90c231e3eab5e147368c77592b6a7f7.jpg,683,1024,validation
img_0815,data\raw\img_0815.jpg,12633,470040991c8127d65f1e328f3a952a75.jpg,682,1024,validation
img_0816,data\raw\img_0816.jpg,11184,ec22e11763ab9cb30ba1fb4b0a945cd4.jpg,697,1024,validation
img_0817,data\raw\img_0817.jpg,16137,d04d3562eaabdfd4b6ce70b26c079c8b.jpg,682,1024,validation
img_0818,data\raw\img_0818.jpg,18358,dd4525a10b6110df29f0a6b19e6b924b.jpg,1024,681,validation
img_0819,data\raw\img_0819.jpg,11451,bf3ef97f28c83839cbf4da20ed9bd704.jpg,682,1024,validation
img_0820,data\raw\img_0820.jpg,20273,b66d836caa14d17a8b7de99d0a4e8a5d.jpg,819,1024,validation
img_0821,data\raw\img_0821.jpg,10566,de8af016793ce1f2170e1ae785ed78ee.jpg,828,1024,validation
img_0822,data\raw\img_0822.jpg,9927,a116f2dc48597d4f5103ca7e87c59d83.jpg,682,1024,validation
img_0823,data\raw\img_0823.jpg,17644,03549b86fb916d9fc725d816c94d0a3c.jpg,683,1024,validation
img_0824,data\raw\img_0824.jpg,18212,e9e47b85d533b0dd11b3a383444cad18.jpg,682,1024,validation
img_0825,data\raw\img_0825.jpg,18509,9595f24dbd770431ef76c8d4e4007d87.jpg,633,1024,validation
img_0826,data\raw\img_0826.jpg,11340,97cb9ef6e3eb1e4870201eb60ea875ac.jpg,683,1024,validation
img_0827,data\raw\img_0827.jpg,16821,44a33562cc61058bfadb2164c829156b.jpg,683,1024,validation
img_0828,data\raw\img_0828.jpg,17090,9947f3f56aa4fab3b07bca98b09d7bfe.jpg,1024,768,validation
img_0829,data\raw\img_0829.jpg,17906,1eaa797678050a918a706a2fc232697c.jpg,683,1024,validation
img_0830,data\raw\img_0830.jpg,19152,45225483e305abaac3bc54c3dce0723e.jpg,648,1024,validation
img_0831,data\raw\img_0831.jpg,15237,77e9eefca9b24d5d5b2ca7a43d1fc1ce.jpg,682,1024,validation
img_0832,data\raw\img_0832.jpg,17228,8b0f9bec3b8c5793bf116e1e5e502072.jpg,681,1024,validation
img_0833,data\raw\img_0833.jpg,12534,6129a289fa99fd43988c56cf0271e345.jpg,680,1024,validation
img_0834,data\raw\img_0834.jpg,13397,4cf0603ca0e51e4ea465b2b9d5eea307.jpg,682,1024,validation
img_0835,data\raw\img_0835.jpg,20470,0d5d5e00e589fe5641b919179794994b.jpg,1024,683,validation
img_0836,data\raw\img_0836.jpg,16732,926e547ae973c4ff47a63ac941fe6be1.jpg,682,1024,validation
img_0837,data\raw\img_0837.jpg,10455,dae66883f57f31d10cc286784a042c35.jpg,667,1024,validation
img_0838,data\raw\img_0838.jpg,17208,c829a692db2ec7013e3eb242b430a2d8.jpg,683,1024,validation
img_0839,data\raw\img_0839.jpg,11379,0094940c58c343b742f48ae26eb5e9fa.jpg,683,1024,validation
img_0840,data\raw\img_0840.jpg,14915,33a7c42db78149d76d89e444a3a3ee8b.jpg,682,1024,validation
img_0841,data\raw\img_0841.jpg,7487,d36482dcef46afcfcb7d96013c0715c2.jpg,682,1024,validation
img_0842,data\raw\img_0842.jpg,17195,014eadcd4cf28a669232d4b6470e4e01.jpg,682,1024,validation
img_0843,data\raw\img_0843.jpg,12373,4ba277c9a234db8eb76681da8ea065e4.jpg,682,1024,validation
img_0844,data\raw\img_0844.jpg,16454,f26668b06a110a0066ed30209c418807.jpg,682,1024,validation
img_0845,data\raw\img_0845.jpg,8976,292ebab1191c45465fddac3b9612f4f2.jpg,785,1024,validation
img_0846,data\raw\img_0846.jpg,12109,06eca767af94ec50eb0503088708be13.jpg,817,1024,validation
img_0847,data\raw\img_0847.jpg,19036,7f5cd5f13122b4bc95fe1a7bf0df56aa.jpg,682,1024,validation
img_0848,data\raw\img_0848.jpg,18043,d96606ae95730d706916c376ede63c28.jpg,1024,683,validation
img_0849,data\raw\img_0849.jpg,15967,4f9742189256a459260eb22543154825.jpg,635,1024,validation
img_0850,data\raw\img_0850.jpg,17997,28cc10255347d209843aa9a595eaed69.jpg,682,1024,validation
img_0851,data\raw\img_0851.jpg,13477,35980d446169c38a1ebe02324dc0df36.jpg,678,1024,validation
img_0852,data\raw\img_0852.jpg,16034,8d6cc2330f9c370096ac3f33147b2b83.jpg,632,1024,validation
img_0853,data\raw\img_0853.jpg,18517,02182c58daf61dc5c5c64bb112b1f826.jpg,683,1024,validation
img_0854,data\raw\img_0854.jpg,15424,03fc99c4deaf14724ef6277dec16b8e8.jpg,682,1024,validation
img_0855,data\raw\img_0855.jpg,17854,90ffd404d1eb433fc6bb4065d9c96a37.jpg,682,1024,validation
img_0856,data\raw\img_0856.jpg,13498,35a40d006d7f633f12d86624236cf272.jpg,683,1024,validation
img_0857,data\raw\img_0857.jpg,11323,8552ba7fcd321cb2677612ae5cab94c3.jpg,683,1024,validation
img_0858,data\raw\img_0858.jpg,10954,59972d4827e58fd77ceac9dd7f0b42c7.jpg,682,1024,validation
img_0859,data\raw\img_0859.jpg,17994,ebf78f93576a0c6222dc50801fd113c6.jpg,1024,682,validation
img_0860,data\raw\img_0860.jpg,20358,fdfd9c12594a8637cb113859561c8202.jpg,643,1024,validation
img_0861,data\raw\img_0861.jpg,13469,95bca399ad3d4296c61863dadc45c82e.jpg,1024,682,validation
img_0862,data\raw\img_0862.jpg,17327,df079613f0d10e3e2778b0dba7809686.jpg,731,1024,validation
img_0863,data\raw\img_0863.jpg,8554,3628ba3d48dfc3c26103dd2056f47bc6.jpg,1024,680,validation
img_0864,data\raw\img_0864.jpg,8902,2cb78f57e5a856474f48fa3b581766aa.jpg,768,1024,validation
img_0865,data\raw\img_0865.jpg,17356,b5afca4e7afe32cd8d4e7ba62da456bd.jpg,660,1024,validation
img_0866,data\raw\img_0866.jpg,13256,b22ea58665d776f693c9f13635499460.jpg,677,1024,validation
img_0867,data\raw\img_0867.jpg,15486,cf8fbb58ce182fb9976486509e220efd.jpg,682,1024,validation
img_0868,data\raw\img_0868.jpg,10770,0c19eca5f90b66b915e2f6cbd421574f.jpg,682,1024,validation
img_0869,data\raw\img_0869.jpg,20575,de90e3f82e7a96e74dfc900b07caf5ab.jpg,591,1024,validation
img_0870,data\raw\img_0870.jpg,15553,0e4ccb9ca5528265c8330c043604b0c7.jpg,1024,683,validation
img_0871,data\raw\img_0871.jpg,12120,feea9874319fd9d25200c8127d01933d.jpg,683,1024,validation
img_0872,data\raw\img_0872.jpg,16346,492c43f88806dc6beb84ed534f0fc001.jpg,769,1024,validation
img_0873,data\raw\img_0873.jpg,15236,c0516e19209daa9918403bf876011f1a.jpg,683,1024,validation
img_0874,data\raw\img_0874.jpg,16942,545342e1ff1fbecc6cf069bd3ebf7e1a.jpg,682,1024,validation
img_0875,data\raw\img_0875.jpg,9548,0d25b761d9b146cfa820b2a7364b5bf7.jpg,1024,682,validation
img_0876,data\raw\img_0876.jpg,10330,8075d3afc3d574f8cfd7c5400417d9fc.jpg,1024,682,validation
img_0877,data\raw\img_0877.jpg,15106,790cc5b2e3f130e9f45cde050b74c055.jpg,1024,1024,validation
img_0878,data\raw\img_0878.jpg,9112,5b1d263a42d5c7967665b08cd0eb7234.jpg,682,1024,validation
img_0879,data\raw\img_0879.jpg,11761,a37683e24561b78d8104637789731339.jpg,613,1024,validation
img_0880,data\raw\img_0880.jpg,12452,d0c4784dc3efc24c058fd0b9b533ca2d.jpg,682,1024,validation
img_0881,data\raw\img_0881.jpg,18557,33e7a5f7f47b7bb2bf6d3549eedde5fd.jpg,1024,682,validation
img_0882,data\raw\img_0882.jpg,20155,0205895cfbb5348d94fda8ce32272fa5.jpg,683,1024,validation
img_0883,data\raw\img_0883.jpg,16747,b4968dc30b419476fcc4a72938113609.jpg,614,1024,validation
img_0884,data\raw\img_0884.jpg,16116,b246457b56c522682a2400286ca834ec.jpg,446,1024,validation
img_0885,data\raw\img_0885.jpg,16607,c31564bf88c1d02aa8cb1e886ccaadef.jpg,1024,682,validation
img_0886,data\raw\img_0886.jpg,17253,d02c51d1bad4d2c2c7d53564537c6d04.jpg,1024,683,validation
img_0887,data\raw\img_0887.jpg,18703,6c1cf70085fef21a41cb374e84bfd6c3.jpg,682,1024,validation
img_0888,data\raw\img_0888.jpg,10324,d451b646b79628026a369c045ed54462.jpg,681,1024,validation
img_0889,data\raw\img_0889.jpg,12809,acdf7a78a6d3f26fda1709834155ede2.jpg,682,1024,validation
img_0890,data\raw\img_0890.jpg,9989,ac453fbad1af6923ae38db5e33512e2b.jpg,1024,682,validation
img_0891,data\raw\img_0891.jpg,9721,5a7be1610d64e15581a3762ebca0e14f.jpg,683,1024,validation
img_0892,data\raw\img_0892.jpg,10763,50589605133a0468feaea6dea39493a4.jpg,683,1024,validation
img_0893,data\raw\img_0893.jpg,19658,2d3c87a230e6e06e383db8feed2b7c5f.jpg,1024,683,validation
img_0894,data\raw\img_0894.jpg,10850,97798485ca538a03284d8dbaceab92c4.jpg,681,1024,validation
img_0895,data\raw\img_0895.jpg,11306,c691539200cdb7a04b1e993d7baa10f4.jpg,683,1024,validation
img_0896,data\raw\img_0896.jpg,10645,fdcd3232350a031d96aae02b069b7f88.jpg,460,1024,validation
img_0897,data\raw\img_0897.jpg,20190,dcee0c0b136a4e8a004fef599a4c96f3.jpg,683,1024,validation
img_0898,data\raw\img_0898.jpg,10116,f5473bcc572a3e98faefd27b1a4ab688.jpg,683,1024,validation
img_0899,data\raw\img_0899.jpg,10203,58dab92d28967d705851b30cae50faa0.jpg,684,1024,validation
img_0900,data\raw\img_0900.jpg,13584,8e3d327c799e1a524cd9691b42964efa.jpg,682,1024,validation
img_0901,data\raw\img_0901.jpg,15229,330629f6ea12a084fa484a2ae181d1ab.jpg,683,1024,validation
img_0902,data\raw\img_0902.jpg,16761,1b84aa501066599f1332ff4551d9a1b3.jpg,687,1024,validation
img_0903,data\raw\img_0903.jpg,9363,e73b13b557ab167a05cb10ed45decf52.jpg,683,1024,validation
img_0904,data\raw\img_0904.jpg,10678,4a218fbe91f6d17267cdbb255d4d8900.jpg,1024,1024,validation
img_0905,data\raw\img_0905.jpg,17557,25b6a7dad9c5df5d9b36d681541500bf.jpg,688,1024,validation
img_0906,data\raw\img_0906.jpg,13507,79a404d13384b4e687f5927f1d28e2e3.jpg,682,1024,validation
img_0907,data\raw\img_0907.jpg,13124,f9ee0a82d9419eaa76ead995add92565.jpg,683,1024,validation
img_0908,data\raw\img_0908.jpg,10208,ae82b7aaa8bd597b58f068fe184616f5.jpg,1024,506,validation
img_0909,data\raw\img_0909.jpg,11775,7be5e15df33ddfd91374e7f3236b0933.jpg,680,1024,validation
img_0910,data\raw\img_0910.jpg,16488,1ee26a858200fa98bef04c950dad233a.jpg,682,1024,validation
img_0911,data\raw\img_0911.jpg,11508,f514d2cbb63a5f19edd12218d3a9d311.jpg,682,1024,validation
img_0912,data\raw\img_0912.jpg,11523,8edb034e1536833519aa3ba46d0f8a4c.jpg,1024,729,validation
img_0913,data\raw\img_0913.jpg,7731,50ab7c8b2848817931e5879671e234ae.jpg,1024,683,validation
img_0914,data\raw\img_0914.jpg,18946,48acf4105e66abe3ae57901e15d08e25.jpg,1024,595,validation
img_0915,data\raw\img_0915.jpg,13231,a9718c7da26a2118ce906a8561d79997.jpg,1024,682,validation
img_0916,data\raw\img_0916.jpg,17594,5cba4260eab80d368b662a6348ab47ad.jpg,683,1024,validation
img_0917,data\raw\img_0917.jpg,15461,c49c54015b966bc7220c18569088e5ea.jpg,682,1024,validation
img_0918,data\raw\img_0918.jpg,9810,236d3495722c76ba66121bdd9dc92d37.jpg,681,1024,validation
img_0919,data\raw\img_0919.jpg,11217,42668f83c24465ba79d25eb2a8790050.jpg,682,1024,validation
img_0920,data\raw\img_0920.jpg,19760,62c2a58de9a97c754cde718fb409402e.jpg,621,1024,validation
img_0921,data\raw\img_0921.jpg,11349,7296df63ead3a2e7252503d650a1116d.jpg,682,1024,validation
img_0922,data\raw\img_0922.jpg,18352,1f6b96f7f298903a77fa747ea4fe8840.jpg,499,1024,validation
img_0923,data\raw\img_0923.jpg,17687,3a8a2d38d8e3d16b2ca9dff94be6e9ed.jpg,683,1024,validation
img_0924,data\raw\img_0924.jpg,15380,469a44a83fb852b12df0254a0bd57746.jpg,682,1024,validation
img_0925,data\raw\img_0925.jpg,11120,300dcfff954898e161a61e37fca960b8.jpg,683,1024,validation
img_0926,data\raw\img_0926.jpg,10943,d2de997caf5e97ad41d0b37174afa83d.jpg,682,1024,validation
img_0927,data\raw\img_0927.jpg,18376,991f69fa4b82fcbaffef48c86e595065.jpg,682,1024,validation
img_0928,data\raw\img_0928.jpg,18190,6eb416609af49947f1ef307d2ee14dbd.jpg,683,1024,validation
img_0929,data\raw\img_0929.jpg,12831,3ed12074817fa4dff22b8df5ba0ce3f5.jpg,682,1024,validation
img_0930,data\raw\img_0930.jpg,20002,b2006174759a811aca6bd63e861dc741.jpg,682,1024,validation
img_0931,data\raw\img_0931.jpg,20583,f17fd9050a7d16a084f93c11b8506bb5.jpg,682,1024,validation
img_0932,data\raw\img_0932.jpg,10822,26168da8556dab9641084df526c39ced.jpg,682,1024,validation
img_0933,data\raw\img_0933.jpg,11095,28d0923aec82214d368745bd681ff6d5.jpg,683,1024,validation
img_0934,data\raw\img_0934.jpg,20107,bfdb81a5f9bebef69b5cda7f59a8daab.jpg,1024,682,validation
img_0935,data\raw\img_0935.jpg,19504,7142d1327caccda7fbfc2835521ee4e5.jpg,682,1024,validation
img_0936,data\raw\img_0936.jpg,13339,9eb8652e63ac33c79a9277fe0e115440.jpg,682,1024,validation
img_0937,data\raw\img_0937.jpg,12007,c042811268f9d093db4b97a63d2205b2.jpg,682,1024,validation
img_0938,data\raw\img_0938.jpg,17163,f71e5303f0a10b85bf4bbc6c9cbee1ab.jpg,632,1024,validation
img_0939,data\raw\img_0939.jpg,16067,f57152e44f9348050d59a71f9ca7f220.jpg,415,1024,validation
img_0940,data\raw\img_0940.jpg,13595,c289db2928b41ea6f09a2b7a1abe6ca5.jpg,570,1024,validation
img_0941,data\raw\img_0941.jpg,17686,b12947ba09cb3967e074fa4ad878c1d6.jpg,576,1024,validation
img_0942,data\raw\img_0942.jpg,15769,54cc806a05ebd88048485d929f91fe7c.jpg,680,1024,validation
img_0943,data\raw\img_0943.jpg,9793,637d4e5120ce4f3860de94d9727abc30.jpg,680,1024,validation
img_0944,data\raw\img_0944.jpg,12854,0a729bbbccaf081a46d72e5869838b45.jpg,681,1024,validation
img_0945,data\raw\img_0945.jpg,15300,9edbd54a4c03d778b681d78f52a98fb2.jpg,814,1024,validation
img_0946,data\raw\img_0946.jpg,19436,116c0fd0c6d963e7b68e7af47c4e8cc7.jpg,681,1024,validation
img_0947,data\raw\img_0947.jpg,10820,858395fd6b5e8111aaa523922c1d68fb.jpg,683,1024,validation
img_0948,data\raw\img_0948.jpg,15097,5fc499c60fc95671180347cf63b6f31a.jpg,683,1024,validation
img_0949,data\raw\img_0949.jpg,8337,99e576a9859dbbfa7bbf1ca6a8200960.jpg,1024,683,validation
img_0950,data\raw\img_0950.jpg,17198,899f2cf99bf2589cb5f037792f6f35ae.jpg,633,1024,validation
img_0951,data\raw\img_0951.jpg,18941,fb728e9a01a63307de0851c307316f9d.jpg,680,1024,validation
img_0952,data\raw\img_0952.jpg,19262,22cdabf1fc70b949b8bd3a37d93ecf05.jpg,683,1024,validation
img_0953,data\raw\img_0953.jpg,17721,e52ca16be4561e44d5f1322468cee6ec.jpg,1005,1024,validation
img_0954,data\raw\img_0954.jpg,17448,fa8cbbf127e163a2f512399049509d90.jpg,682,1024,validation
img_0955,data\raw\img_0955.jpg,17439,ac0bb60c85a2a9a02d525f900316cda2.jpg,683,1024,validation
img_0956,data\raw\img_0956.jpg,10216,a4f8de55929c1ccdfa38c3091f9ea800.jpg,1024,683,validation
img_0957,data\raw\img_0957.jpg,18415,1fc67fcf2301de07315b2b1eae7d1e87.jpg,1024,680,validation
img_0958,data\raw\img_0958.jpg,19051,218f45327eead3c64b19e3ddee2ec238.jpg,1024,682,validation
img_0959,data\raw\img_0959.jpg,19647,caa1a9bff740cfbf913f07ef4a045484.jpg,1024,681,validation
img_0960,data\raw\img_0960.jpg,16231,8d7cda12d54f825d1074ec6591264e80.jpg,684,1024,validation
img_0961,data\raw\img_0961.jpg,18717,fc9a327bebcf15c590090192a6ff09bf.jpg,844,1024,validation
img_0962,data\raw\img_0962.jpg,19288,f9c5f3efdae7ce33986891e0ba2f0a9c.jpg,680,1024,validation
img_0963,data\raw\img_0963.jpg,8810,8a0381caccced20a4f910443793a534b.jpg,633,1024,validation
img_0964,data\raw\img_0964.jpg,15525,4c528816dbb9d5ba947d10b145fcb5f1.jpg,682,1024,validation
img_0965,data\raw\img_0965.jpg,19944,1b8c03a610d653da2492f3c8235e36a5.jpg,682,1024,validation
img_0966,data\raw\img_0966.jpg,2083,7fc8a54146a81b33f348f21ad07fa141.jpg,1024,683,validation
img_0967,data\raw\img_0967.jpg,15770,39598903e7ffcd5d5ce5354c3a4d2764.jpg,682,1024,validation
img_0968,data\raw\img_0968.jpg,18745,73d2b7e13c0b34f9d0572b57ea56be63.jpg,682,1024,validation
img_0969,data\raw\img_0969.jpg,19856,96efe0543a0aa8e37634431177a3e43b.jpg,682,1024,validation
img_0970,data\raw\img_0970.jpg,15368,8a3628a193ab4f72edae6d793a61e649.jpg,682,1024,validation
img_0971,data\raw\img_0971.jpg,12758,0a4aae5ecd970a120bfcc6b377b6e187.jpg,1024,723,validation
img_0972,data\raw\img_0972.jpg,19841,843bd5d77fbfebe568d2f99893455190.jpg,1024,682,validation
img_0973,data\raw\img_0973.jpg,9029,75a0f33be128afba12be2f3441d138a0.jpg,682,1024,validation
img_0974,data\raw\img_0974.jpg,15474,9cd3cff73af684ecd82abd69080a7a2b.jpg,633,1024,validation
img_0975,data\raw\img_0975.jpg,7780,7cec6c9dbd406032c6069f32381f2daa.jpg,683,1024,validation
img_0976,data\raw\img_0976.jpg,9082,200801ffb2c44d46b94454f1b6a278a6.jpg,550,1024,validation
img_0977,data\raw\img_0977.jpg,13201,6a2c490ed5f440ebeb12a9ac632ad9ed.jpg,1024,720,validation
img_0978,data\raw\img_0978.jpg,11813,947b6ea8d5e30914a55992708fbf5b99.jpg,478,1024,validation
img_0979,data\raw\img_0979.jpg,11132,b3ab1b8ce56ff0d4415ec0e85202d98e.jpg,682,1024,validation
img_0980,data\raw\img_0980.jpg,15347,8d246107cf4c81dad01bc57c980dcb11.jpg,683,1024,validation
img_0981,data\raw\img_0981.jpg,16926,d50d3a6538824799818bb76fd16dbeef.jpg,682,1024,validation
img_0982,data\raw\img_0982.jpg,15737,324c81a1ee14142e21e1377e1680a5f7.jpg,1024,682,validation
img_0983,data\raw\img_0983.jpg,20291,7a2ef4e4f9ecd5180e2dac23764704b3.jpg,786,1024,validation
img_0984,data\raw\img_0984.jpg,16835,9103fb4292a60db77d999f0838c4e562.jpg,680,1024,validation
img_0985,data\raw\img_0985.jpg,11408,ec87f9472aa1aa6a6fb6fa44add1357a.jpg,1024,1024,validation
img_0986,data\raw\img_0986.jpg,9711,0420c7e0454fbbe11fadd23eb1f40d38.jpg,683,1024,validation
img_0987,data\raw\img_0987.jpg,17533,ba230c5008aba14a031f540a7d601c57.jpg,681,1024,validation
img_0988,data\raw\img_0988.jpg,16774,a419c030ecf1f588302b7db62ee2bb21.jpg,680,1024,validation
img_0989,data\raw\img_0989.jpg,10440,b2c35c8f0ca1e87a90dbe33a0c62d87e.jpg,618,1024,validation
img_0990,data\raw\img_0990.jpg,19418,7c1c1c9c7a065b576f648e94d5a65c51.jpg,633,1024,validation
img_0991,data\raw\img_0991.jpg,11854,947ce93a6f64f79c5c29ef8e80abfe7b.jpg,683,1024,validation
img_0992,data\raw\img_0992.jpg,17764,b17d79fdd2bf0062d63674fa366293b5.jpg,680,1024,validation
img_0993,data\raw\img_0993.jpg,13598,20f9819eaa83ce17d76baf30880cd99f.jpg,1024,762,validation
img_0994,data\raw\img_0994.jpg,9481,4d3fd642c9d08290f6262759a51d252f.jpg,683,1024,validation
img_0995,data\raw\img_0995.jpg,10424,6a0d484572ffd11cc5ea627df2c82b94.jpg,682,1024,validation
img_0996,data\raw\img_0996.jpg,15187,98bc03e3db325b0031a15378e3f1e7e8.jpg,682,1024,validation
img_0997,data\raw\img_0997.jpg,19057,2c84341d97e5702d0a565db2c6a2a815.jpg,683,1024,validation
img_0998,data\raw\img_0998.jpg,10638,347c5d77fb5cea10e3bb9d604b40e141.jpg,768,1024,validation
img_0999,data\raw\img_0999.jpg,9676,c7ab3258faa14bd182e8cb18d225b6f7.jpg,682,1024,validation
